<situation version="1" id="NPRA_VL_101476" xmlns="http://datex2.eu/schema/2/2_0"><overallSeverity>low</overallSeverity><headerInformation><confidentiality>noRestriction</confidentiality><informationStatus>test</informationStatus></headerInformation><situationRecord xsi:type="RoadOrCarriagewayOrLaneManagement" version="1" id="NPRA_VL_101476_1" xmlns:xsi="http://www.w3.org/2001/XMLSchema-instance"><situationRecordCreationTime>2014-08-31T08:06:31+02:00</situationRecordCreationTime><situationRecordVersionTime>2014-08-31T08:06:31+02:00</situationRecordVersionTime><probabilityOfOccurrence>certain</probabilityOfOccurrence><validity><validityStatus>definedByValidityTimeSpec</validityStatus><validityTimeSpecification><overallStartTime>2014-09-01T00:00:00+02:00</overallStartTime><overallEndTime>2015-01-01T00:00:00+01:00</overallEndTime></validityTimeSpecification></validity><generalPublicComment><comment><values><value>Avkjøringsveg stengt på grunn av vegarbeid. Gjelder adkomst til E6 mot Hamar.</value></values></comment><commentType>description</commentType></generalPublicComment><generalPublicComment><comment><values><value>Fv 501 Langsetenga, avkjøringsveg, på strekningen Ullensaker/Eidsvoll - Ørbekk, i retning mot Ørbekk</value></values></comment><commentType>locationDescriptor</commentType></generalPublicComment><groupOfLocations xsi:type="Point"><locationForDisplay><latitude>60.41339</latitude><longitude>11.242532</longitude></locationForDisplay><locationExtension><locationExtension><roadNumber>F501</roadNumber><countyNumber>2</countyNumber></locationExtension></locationExtension><supplementaryPositionalDescription><affectedCarriagewayAndLanes><carriageway>exitSlipRoad</carriageway></affectedCarriagewayAndLanes></supplementaryPositionalDescription><alertCPoint xsi:type="AlertCMethod4Point"><alertCLocationCountryCode>F</alertCLocationCountryCode><alertCLocationTableNumber>49</alertCLocationTableNumber><alertCLocationTableVersion>4.6</alertCLocationTableVersion><alertCDirection><alertCDirectionCoded>positive</alertCDirectionCoded></alertCDirection><alertCMethod4PrimaryPointLocation><alertCLocation><alertCLocationName><values><value lang="nob">Ørbekk</value></values></alertCLocationName><specificLocation>15634</specificLocation></alertCLocation><offsetDistance><offsetDistance>197</offsetDistance></offsetDistance></alertCMethod4PrimaryPointLocation></alertCPoint><pointByCoordinates><pointCoordinates><latitude>60.41339</latitude><longitude>11.242532</longitude></pointCoordinates></pointByCoordinates></groupOfLocations><complianceOption>mandatory</complianceOption><roadOrCarriagewayOrLaneManagementType>roadClosed</roadOrCarriagewayOrLaneManagementType></situationRecord><situationRecord xsi:type="ConstructionWorks" version="1" id="NPRA_VL_101476_2" xmlns:xsi="http://www.w3.org/2001/XMLSchema-instance"><situationRecordCreationTime>2014-08-31T08:06:31+02:00</situationRecordCreationTime><situationRecordVersionTime>2014-08-31T08:06:31+02:00</situationRecordVersionTime><probabilityOfOccurrence>certain</probabilityOfOccurrence><validity><validityStatus>definedByValidityTimeSpec</validityStatus><validityTimeSpecification><overallStartTime>2014-09-01T00:00:00+02:00</overallStartTime><overallEndTime>2015-01-01T00:00:00+01:00</overallEndTime></validityTimeSpecification></validity><generalPublicComment><comment><values><value>Avkjøringsveg stengt på grunn av vegarbeid. Gjelder adkomst til E6 mot Hamar.</value></values></comment><commentType>description</commentType></generalPublicComment><generalPublicComment><comment><values><value>Fv 501 Langsetenga, avkjøringsveg, på strekningen Ullensaker/Eidsvoll - Ørbekk, i retning mot Ørbekk</value></values></comment><commentType>locationDescriptor</commentType></generalPublicComment><groupOfLocations xsi:type="Point"><locationForDisplay><latitude>60.41339</latitude><longitude>11.242532</longitude></locationForDisplay><locationExtension><locationExtension><roadNumber>F501</roadNumber><countyNumber>2</countyNumber></locationExtension></locationExtension><supplementaryPositionalDescription><affectedCarriagewayAndLanes><carriageway>exitSlipRoad</carriageway></affectedCarriagewayAndLanes></supplementaryPositionalDescription><alertCPoint xsi:type="AlertCMethod4Point"><alertCLocationCountryCode>F</alertCLocationCountryCode><alertCLocationTableNumber>49</alertCLocationTableNumber><alertCLocationTableVersion>4.6</alertCLocationTableVersion><alertCDirection><alertCDirectionCoded>positive</alertCDirectionCoded></alertCDirection><alertCMethod4PrimaryPointLocation><alertCLocation><alertCLocationName><values><value lang="nob">Ørbekk</value></values></alertCLocationName><specificLocation>15634</specificLocation></alertCLocation><offsetDistance><offsetDistance>197</offsetDistance></offsetDistance></alertCMethod4PrimaryPointLocation></alertCPoint><pointByCoordinates><pointCoordinates><latitude>60.41339</latitude><longitude>11.242532</longitude></pointCoordinates></pointByCoordinates></groupOfLocations><constructionWorkType>roadImprovementOrUpgrading</constructionWorkType></situationRecord></situation>