<situation version="1" id="NPRA_VL_101359" xmlns="http://datex2.eu/schema/2/2_0"><overallSeverity>low</overallSeverity><headerInformation><confidentiality>noRestriction</confidentiality><informationStatus>test</informationStatus></headerInformation><situationRecord xsi:type="RoadOrCarriagewayOrLaneManagement" version="1" id="NPRA_VL_101359_1" xmlns:xsi="http://www.w3.org/2001/XMLSchema-instance"><situationRecordCreationTime>2014-08-28T19:28:13+02:00</situationRecordCreationTime><situationRecordVersionTime>2014-08-28T19:28:13+02:00</situationRecordVersionTime><probabilityOfOccurrence>certain</probabilityOfOccurrence><validity><validityStatus>definedByValidityTimeSpec</validityStatus><validityTimeSpecification><overallStartTime>2014-09-15T07:00:00+02:00</overallStartTime><overallEndTime>2015-05-30T00:00:00+02:00</overallEndTime></validityTimeSpecification></validity><generalPublicComment><comment><values><value>Stengt på grunn av vedlikeholdsarbeid.</value></values></comment><commentType>description</commentType></generalPublicComment><generalPublicComment><comment><values><value>Fv 32 Schweigaards Gate ved Chr. H. Bloms Gate, i Skien kommune</value></values></comment><commentType>locationDescriptor</commentType></generalPublicComment><groupOfLocations xsi:type="Point"><locationForDisplay><latitude>59.21232</latitude><longitude>9.603803</longitude></locationForDisplay><locationExtension><locationExtension><roadNumber>F32</roadNumber><countyNumber>8</countyNumber></locationExtension></locationExtension><supplementaryPositionalDescription><affectedCarriagewayAndLanes><carriageway>mainCarriageway</carriageway><lane>allLanesCompleteCarriageway</lane></affectedCarriagewayAndLanes></supplementaryPositionalDescription><alertCPoint xsi:type="AlertCMethod4Point"><alertCLocationCountryCode>F</alertCLocationCountryCode><alertCLocationTableNumber>49</alertCLocationTableNumber><alertCLocationTableVersion>4.6</alertCLocationTableVersion><alertCDirection><alertCDirectionCoded>both</alertCDirectionCoded></alertCDirection><alertCMethod4PrimaryPointLocation><alertCLocation><alertCLocationName><values><value lang="nob">Luksefjellvegen</value></values></alertCLocationName><specificLocation>18888</specificLocation></alertCLocation><offsetDistance><offsetDistance>1281</offsetDistance></offsetDistance></alertCMethod4PrimaryPointLocation></alertCPoint><pointByCoordinates><pointCoordinates><latitude>59.21232</latitude><longitude>9.603803</longitude></pointCoordinates></pointByCoordinates></groupOfLocations><complianceOption>mandatory</complianceOption><roadOrCarriagewayOrLaneManagementType>roadClosed</roadOrCarriagewayOrLaneManagementType></situationRecord><situationRecord xsi:type="MaintenanceWorks" version="1" id="NPRA_VL_101359_2" xmlns:xsi="http://www.w3.org/2001/XMLSchema-instance"><situationRecordCreationTime>2014-08-28T19:28:13+02:00</situationRecordCreationTime><situationRecordVersionTime>2014-08-28T19:28:13+02:00</situationRecordVersionTime><probabilityOfOccurrence>certain</probabilityOfOccurrence><validity><validityStatus>definedByValidityTimeSpec</validityStatus><validityTimeSpecification><overallStartTime>2014-09-15T07:00:00+02:00</overallStartTime><overallEndTime>2015-05-30T00:00:00+02:00</overallEndTime></validityTimeSpecification></validity><generalPublicComment><comment><values><value>Stengt på grunn av vedlikeholdsarbeid.</value></values></comment><commentType>description</commentType></generalPublicComment><generalPublicComment><comment><values><value>Fv 32 Schweigaards Gate ved Chr. H. Bloms Gate, i Skien kommune</value></values></comment><commentType>locationDescriptor</commentType></generalPublicComment><groupOfLocations xsi:type="Point"><locationForDisplay><latitude>59.21232</latitude><longitude>9.603803</longitude></locationForDisplay><locationExtension><locationExtension><roadNumber>F32</roadNumber><countyNumber>8</countyNumber></locationExtension></locationExtension><supplementaryPositionalDescription><affectedCarriagewayAndLanes><carriageway>mainCarriageway</carriageway><lane>allLanesCompleteCarriageway</lane></affectedCarriagewayAndLanes></supplementaryPositionalDescription><alertCPoint xsi:type="AlertCMethod4Point"><alertCLocationCountryCode>F</alertCLocationCountryCode><alertCLocationTableNumber>49</alertCLocationTableNumber><alertCLocationTableVersion>4.6</alertCLocationTableVersion><alertCDirection><alertCDirectionCoded>both</alertCDirectionCoded></alertCDirection><alertCMethod4PrimaryPointLocation><alertCLocation><alertCLocationName><values><value lang="nob">Luksefjellvegen</value></values></alertCLocationName><specificLocation>18888</specificLocation></alertCLocation><offsetDistance><offsetDistance>1281</offsetDistance></offsetDistance></alertCMethod4PrimaryPointLocation></alertCPoint><pointByCoordinates><pointCoordinates><latitude>59.21232</latitude><longitude>9.603803</longitude></pointCoordinates></pointByCoordinates></groupOfLocations><roadMaintenanceType>maintenanceWork</roadMaintenanceType></situationRecord></situation>