<situation version="1" id="NPRA_VL_100375" xmlns="http://datex2.eu/schema/2/2_0"><overallSeverity>low</overallSeverity><headerInformation><confidentiality>noRestriction</confidentiality><informationStatus>test</informationStatus></headerInformation><situationRecord xsi:type="SpeedManagement" version="1" id="NPRA_VL_100375_1" xmlns:xsi="http://www.w3.org/2001/XMLSchema-instance"><situationRecordCreationTime>2014-08-13T10:11:03+02:00</situationRecordCreationTime><situationRecordVersionTime>2014-08-13T10:11:03+02:00</situationRecordVersionTime><probabilityOfOccurrence>certain</probabilityOfOccurrence><validity><validityStatus>definedByValidityTimeSpec</validityStatus><validityTimeSpecification><overallStartTime>2014-08-13T07:00:00+02:00</overallStartTime><overallEndTime>2014-12-31T19:00:00+01:00</overallEndTime></validityTimeSpecification></validity><generalPublicComment><comment><values><value>Nedsatt hastighet til 50 km/t på grunn av vegarbeid.</value></values></comment><commentType>description</commentType></generalPublicComment><generalPublicComment><comment><values><value>Fv 403 Oden - Hundorp, på strekningen Sørjordet - Hundorp</value></values></comment><commentType>locationDescriptor</commentType></generalPublicComment><groupOfLocations xsi:type="Linear"><locationForDisplay><latitude>61.556477</latitude><longitude>9.9366045</longitude></locationForDisplay><locationExtension><locationExtension><roadNumber>F403</roadNumber><countyNumber>5</countyNumber></locationExtension></locationExtension><supplementaryPositionalDescription><affectedCarriagewayAndLanes><carriageway>mainCarriageway</carriageway><lane>allLanesCompleteCarriageway</lane></affectedCarriagewayAndLanes></supplementaryPositionalDescription><alertCLinear xsi:type="AlertCMethod4Linear"><alertCLocationCountryCode>F</alertCLocationCountryCode><alertCLocationTableNumber>49</alertCLocationTableNumber><alertCLocationTableVersion>4.6</alertCLocationTableVersion><alertCDirection><alertCDirectionCoded>both</alertCDirectionCoded></alertCDirection><alertCMethod4PrimaryPointLocation><alertCLocation><alertCLocationName><values><value lang="nob">Hundorp</value></values></alertCLocationName><specificLocation>15956</specificLocation></alertCLocation><offsetDistance><offsetDistance>0</offsetDistance></offsetDistance></alertCMethod4PrimaryPointLocation><alertCMethod4SecondaryPointLocation><alertCLocation><alertCLocationName><values><value lang="nob">Sørjordet</value></values></alertCLocationName><specificLocation>15955</specificLocation></alertCLocation><offsetDistance><offsetDistance>6269</offsetDistance></offsetDistance></alertCMethod4SecondaryPointLocation></alertCLinear><linearExtension><linearLineStringExtension><gmlLineString srsName="EPSG:4326"><coordinates>9.93334088087268 61.55839998163692 9.933483800544948 61.55833332485355 9.93373068319225 61.558207558758696 9.933914017205508 61.558124411480925 9.934292371939886 61.55788657945702 9.934373202918442 61.55785359905148 9.934497371342369 61.557786244169755 9.934659032171053 61.55772028305483 9.935031532354532 61.55751821723099 9.935136951675883 61.55745016484592 9.93528716753474 61.557338795578104 9.935772379275917 61.55702396449277 9.935958622135184 61.55692293010349 9.936025084748046 61.55686242557721 9.936152166790919 61.55677718487516 9.93629653347743 61.55670158287292 9.93651612337229 61.55651182321266 9.93661715462883 61.55647059596465 9.936849645076116 61.556317300874284 9.937096497940473 61.556191528341344 9.937160036184208 61.556148907473485 9.937470423913439 61.55598051332707 9.93787745543354 61.55579771662278 9.93803617871636 61.55574963558215 9.938239691902128 61.55565823650797 9.938557135451134 61.55556207336427 9.938776471587385 61.55548925414727 9.938917906426868 61.55543153353227 9.939135781151073 61.555367655872296 9.939409890450271 61.555305866684215 9.939565689839313 61.555275668131536 9.939860002053567 61.55520563210507 9.940015800521111 61.55517543302765 9.940149934910371 61.55516242194357 9.940262405469475 61.55516659891955 9.940555030946477 61.55522244795633 9.940666042585724 61.55523556677976 9.94075684998022 61.555256931607595 </coordinates></gmlLineString></linearLineStringExtension></linearExtension></groupOfLocations><complianceOption>mandatory</complianceOption><speedManagementType>speedRestrictionInOperation</speedManagementType><temporarySpeedLimit>50.0</temporarySpeedLimit></situationRecord><situationRecord xsi:type="ConstructionWorks" version="1" id="NPRA_VL_100375_2" xmlns:xsi="http://www.w3.org/2001/XMLSchema-instance"><situationRecordCreationTime>2014-08-13T10:11:03+02:00</situationRecordCreationTime><situationRecordVersionTime>2014-08-13T10:11:03+02:00</situationRecordVersionTime><probabilityOfOccurrence>certain</probabilityOfOccurrence><validity><validityStatus>definedByValidityTimeSpec</validityStatus><validityTimeSpecification><overallStartTime>2014-08-13T07:00:00+02:00</overallStartTime><overallEndTime>2014-12-31T19:00:00+01:00</overallEndTime></validityTimeSpecification></validity><generalPublicComment><comment><values><value>Nedsatt hastighet til 50 km/t på grunn av vegarbeid.</value></values></comment><commentType>description</commentType></generalPublicComment><generalPublicComment><comment><values><value>Fv 403 Oden - Hundorp, på strekningen Sørjordet - Hundorp</value></values></comment><commentType>locationDescriptor</commentType></generalPublicComment><groupOfLocations xsi:type="Linear"><locationForDisplay><latitude>61.556477</latitude><longitude>9.9366045</longitude></locationForDisplay><locationExtension><locationExtension><roadNumber>F403</roadNumber><countyNumber>5</countyNumber></locationExtension></locationExtension><supplementaryPositionalDescription><affectedCarriagewayAndLanes><carriageway>mainCarriageway</carriageway><lane>allLanesCompleteCarriageway</lane></affectedCarriagewayAndLanes></supplementaryPositionalDescription><alertCLinear xsi:type="AlertCMethod4Linear"><alertCLocationCountryCode>F</alertCLocationCountryCode><alertCLocationTableNumber>49</alertCLocationTableNumber><alertCLocationTableVersion>4.6</alertCLocationTableVersion><alertCDirection><alertCDirectionCoded>both</alertCDirectionCoded></alertCDirection><alertCMethod4PrimaryPointLocation><alertCLocation><alertCLocationName><values><value lang="nob">Hundorp</value></values></alertCLocationName><specificLocation>15956</specificLocation></alertCLocation><offsetDistance><offsetDistance>0</offsetDistance></offsetDistance></alertCMethod4PrimaryPointLocation><alertCMethod4SecondaryPointLocation><alertCLocation><alertCLocationName><values><value lang="nob">Sørjordet</value></values></alertCLocationName><specificLocation>15955</specificLocation></alertCLocation><offsetDistance><offsetDistance>6269</offsetDistance></offsetDistance></alertCMethod4SecondaryPointLocation></alertCLinear><linearExtension><linearLineStringExtension><gmlLineString srsName="EPSG:4326"><coordinates>9.93334088087268 61.55839998163692 9.933483800544948 61.55833332485355 9.93373068319225 61.558207558758696 9.933914017205508 61.558124411480925 9.934292371939886 61.55788657945702 9.934373202918442 61.55785359905148 9.934497371342369 61.557786244169755 9.934659032171053 61.55772028305483 9.935031532354532 61.55751821723099 9.935136951675883 61.55745016484592 9.93528716753474 61.557338795578104 9.935772379275917 61.55702396449277 9.935958622135184 61.55692293010349 9.936025084748046 61.55686242557721 9.936152166790919 61.55677718487516 9.93629653347743 61.55670158287292 9.93651612337229 61.55651182321266 9.93661715462883 61.55647059596465 9.936849645076116 61.556317300874284 9.937096497940473 61.556191528341344 9.937160036184208 61.556148907473485 9.937470423913439 61.55598051332707 9.93787745543354 61.55579771662278 9.93803617871636 61.55574963558215 9.938239691902128 61.55565823650797 9.938557135451134 61.55556207336427 9.938776471587385 61.55548925414727 9.938917906426868 61.55543153353227 9.939135781151073 61.555367655872296 9.939409890450271 61.555305866684215 9.939565689839313 61.555275668131536 9.939860002053567 61.55520563210507 9.940015800521111 61.55517543302765 9.940149934910371 61.55516242194357 9.940262405469475 61.55516659891955 9.940555030946477 61.55522244795633 9.940666042585724 61.55523556677976 9.94075684998022 61.555256931607595 </coordinates></gmlLineString></linearLineStringExtension></linearExtension></groupOfLocations><constructionWorkType>roadImprovementOrUpgrading</constructionWorkType></situationRecord></situation>