<situation version="5" id="NPRA_VL_102202" xmlns="http://datex2.eu/schema/2/2_0"><overallSeverity>highest</overallSeverity><headerInformation><confidentiality>noRestriction</confidentiality><informationStatus>test</informationStatus></headerInformation><situationRecord xsi:type="RoadOrCarriagewayOrLaneManagement" version="5" id="NPRA_VL_102202_1" xmlns:xsi="http://www.w3.org/2001/XMLSchema-instance"><situationRecordCreationTime>2014-09-11T16:35:55+02:00</situationRecordCreationTime><situationRecordVersionTime>2015-01-07T11:13:34+01:00</situationRecordVersionTime><probabilityOfOccurrence>certain</probabilityOfOccurrence><validity><validityStatus>definedByValidityTimeSpec</validityStatus><validityTimeSpecification><overallStartTime>2015-01-07T20:00:00+01:00</overallStartTime><overallEndTime>2015-01-08T05:00:00+01:00</overallEndTime></validityTimeSpecification></validity><generalPublicComment><comment><values><value>Stengt på grunn av vedlikeholdsarbeid. Gjelder fra 07.01.2015 klokken 20:00 til 08.01.2015 klokken 05:00. Trafikken slippes gjennom hver halve time mellom 20:00-24:00, og hver time mellom 24:00.05:00.</value></values></comment><commentType>description</commentType></generalPublicComment><generalPublicComment><comment><values><value>Ev 6 Leirviktunnelen, på strekningen Narvik - Bjerkvik</value></values></comment><commentType>locationDescriptor</commentType></generalPublicComment><groupOfLocations xsi:type="Point"><locationForDisplay><latitude>68.47482</latitude><longitude>17.579784</longitude></locationForDisplay><locationExtension><locationExtension><roadNumber>E6</roadNumber><countyNumber>18</countyNumber></locationExtension></locationExtension><supplementaryPositionalDescription><affectedCarriagewayAndLanes><carriageway>mainCarriageway</carriageway><lane>allLanesCompleteCarriageway</lane></affectedCarriagewayAndLanes></supplementaryPositionalDescription><alertCPoint xsi:type="AlertCMethod4Point"><alertCLocationCountryCode>F</alertCLocationCountryCode><alertCLocationTableNumber>49</alertCLocationTableNumber><alertCLocationTableVersion>4.6</alertCLocationTableVersion><alertCDirection><alertCDirectionCoded>both</alertCDirectionCoded></alertCDirection><alertCMethod4PrimaryPointLocation><alertCLocation><alertCLocationName><values><value lang="nob">Leirviktunnelen</value></values></alertCLocationName><specificLocation>5164</specificLocation></alertCLocation><offsetDistance><offsetDistance>0</offsetDistance></offsetDistance></alertCMethod4PrimaryPointLocation></alertCPoint><pointByCoordinates><pointCoordinates><latitude>68.47482</latitude><longitude>17.579784</longitude></pointCoordinates></pointByCoordinates></groupOfLocations><complianceOption>mandatory</complianceOption><roadOrCarriagewayOrLaneManagementType>roadClosed</roadOrCarriagewayOrLaneManagementType></situationRecord><situationRecord xsi:type="MaintenanceWorks" version="5" id="NPRA_VL_102202_2" xmlns:xsi="http://www.w3.org/2001/XMLSchema-instance"><situationRecordCreationTime>2014-09-11T16:35:55+02:00</situationRecordCreationTime><situationRecordVersionTime>2015-01-07T11:13:34+01:00</situationRecordVersionTime><probabilityOfOccurrence>certain</probabilityOfOccurrence><validity><validityStatus>definedByValidityTimeSpec</validityStatus><validityTimeSpecification><overallStartTime>2015-01-07T20:00:00+01:00</overallStartTime><overallEndTime>2015-01-08T05:00:00+01:00</overallEndTime></validityTimeSpecification></validity><generalPublicComment><comment><values><value>Stengt på grunn av vedlikeholdsarbeid. Gjelder fra 07.01.2015 klokken 20:00 til 08.01.2015 klokken 05:00. Trafikken slippes gjennom hver halve time mellom 20:00-24:00, og hver time mellom 24:00.05:00.</value></values></comment><commentType>description</commentType></generalPublicComment><generalPublicComment><comment><values><value>Ev 6 Leirviktunnelen, på strekningen Narvik - Bjerkvik</value></values></comment><commentType>locationDescriptor</commentType></generalPublicComment><groupOfLocations xsi:type="Point"><locationForDisplay><latitude>68.47482</latitude><longitude>17.579784</longitude></locationForDisplay><locationExtension><locationExtension><roadNumber>E6</roadNumber><countyNumber>18</countyNumber></locationExtension></locationExtension><supplementaryPositionalDescription><affectedCarriagewayAndLanes><carriageway>mainCarriageway</carriageway><lane>allLanesCompleteCarriageway</lane></affectedCarriagewayAndLanes></supplementaryPositionalDescription><alertCPoint xsi:type="AlertCMethod4Point"><alertCLocationCountryCode>F</alertCLocationCountryCode><alertCLocationTableNumber>49</alertCLocationTableNumber><alertCLocationTableVersion>4.6</alertCLocationTableVersion><alertCDirection><alertCDirectionCoded>both</alertCDirectionCoded></alertCDirection><alertCMethod4PrimaryPointLocation><alertCLocation><alertCLocationName><values><value lang="nob">Leirviktunnelen</value></values></alertCLocationName><specificLocation>5164</specificLocation></alertCLocation><offsetDistance><offsetDistance>0</offsetDistance></offsetDistance></alertCMethod4PrimaryPointLocation></alertCPoint><pointByCoordinates><pointCoordinates><latitude>68.47482</latitude><longitude>17.579784</longitude></pointCoordinates></pointByCoordinates></groupOfLocations><roadMaintenanceType>maintenanceWork</roadMaintenanceType></situationRecord></situation>