<situation version="2" id="NPRA_VL_101623" xmlns="http://datex2.eu/schema/2/2_0"><overallSeverity>low</overallSeverity><headerInformation><confidentiality>noRestriction</confidentiality><informationStatus>test</informationStatus></headerInformation><situationRecord xsi:type="RoadOrCarriagewayOrLaneManagement" version="2" id="NPRA_VL_101623_1" xmlns:xsi="http://www.w3.org/2001/XMLSchema-instance"><situationRecordCreationTime>2014-09-02T13:03:51+02:00</situationRecordCreationTime><situationRecordVersionTime>2014-09-30T16:10:28+02:00</situationRecordVersionTime><probabilityOfOccurrence>riskOf</probabilityOfOccurrence><validity><validityStatus>definedByValidityTimeSpec</validityStatus><validityTimeSpecification><overallStartTime>2014-09-30T16:10:00+02:00</overallStartTime><overallEndTime>2015-01-16T00:00:00+01:00</overallEndTime></validityTimeSpecification></validity><impact><delays><delayTimeValue>900.0</delayTimeValue></delays></impact><generalPublicComment><comment><values><value>Kan bli stengt i perioder på inntil 15 minutter og nedsatt hastighet til 50 km/t på grunn av sprengningsarbeid.</value></values></comment><commentType>description</commentType></generalPublicComment><generalPublicComment><comment><values><value>Fv 821 Stavneset, på strekningen Frøskeland - Myre</value></values></comment><commentType>locationDescriptor</commentType></generalPublicComment><groupOfLocations xsi:type="Point"><locationForDisplay><latitude>68.869446</latitude><longitude>15.074824</longitude></locationForDisplay><locationExtension><locationExtension><roadNumber>F821</roadNumber><countyNumber>18</countyNumber></locationExtension></locationExtension><supplementaryPositionalDescription><affectedCarriagewayAndLanes><carriageway>mainCarriageway</carriageway><lane>allLanesCompleteCarriageway</lane></affectedCarriagewayAndLanes></supplementaryPositionalDescription><alertCPoint xsi:type="AlertCMethod4Point"><alertCLocationCountryCode>F</alertCLocationCountryCode><alertCLocationTableNumber>49</alertCLocationTableNumber><alertCLocationTableVersion>4.6</alertCLocationTableVersion><alertCDirection><alertCDirectionCoded>both</alertCDirectionCoded></alertCDirection><alertCMethod4PrimaryPointLocation><alertCLocation><alertCLocationName><values><value lang="nob">Myre</value></values></alertCLocationName><specificLocation>4111</specificLocation></alertCLocation><offsetDistance><offsetDistance>7023</offsetDistance></offsetDistance></alertCMethod4PrimaryPointLocation></alertCPoint><pointByCoordinates><pointCoordinates><latitude>68.869446</latitude><longitude>15.074824</longitude></pointCoordinates></pointByCoordinates></groupOfLocations><complianceOption>mandatory</complianceOption><roadOrCarriagewayOrLaneManagementType>roadClosed</roadOrCarriagewayOrLaneManagementType></situationRecord><situationRecord xsi:type="SpeedManagement" version="2" id="NPRA_VL_101623_2" xmlns:xsi="http://www.w3.org/2001/XMLSchema-instance"><situationRecordCreationTime>2014-09-02T13:03:51+02:00</situationRecordCreationTime><situationRecordVersionTime>2014-09-30T16:10:28+02:00</situationRecordVersionTime><probabilityOfOccurrence>certain</probabilityOfOccurrence><validity><validityStatus>definedByValidityTimeSpec</validityStatus><validityTimeSpecification><overallStartTime>2014-09-30T16:10:00+02:00</overallStartTime><overallEndTime>2015-01-16T00:00:00+01:00</overallEndTime></validityTimeSpecification></validity><generalPublicComment><comment><values><value>Kan bli stengt i perioder på inntil 15 minutter og nedsatt hastighet til 50 km/t på grunn av sprengningsarbeid.</value></values></comment><commentType>description</commentType></generalPublicComment><generalPublicComment><comment><values><value>Fv 821 Stavneset, på strekningen Frøskeland - Myre</value></values></comment><commentType>locationDescriptor</commentType></generalPublicComment><groupOfLocations xsi:type="Point"><locationForDisplay><latitude>68.869446</latitude><longitude>15.074824</longitude></locationForDisplay><locationExtension><locationExtension><roadNumber>F821</roadNumber><countyNumber>18</countyNumber></locationExtension></locationExtension><supplementaryPositionalDescription><affectedCarriagewayAndLanes><carriageway>mainCarriageway</carriageway><lane>allLanesCompleteCarriageway</lane></affectedCarriagewayAndLanes></supplementaryPositionalDescription><alertCPoint xsi:type="AlertCMethod4Point"><alertCLocationCountryCode>F</alertCLocationCountryCode><alertCLocationTableNumber>49</alertCLocationTableNumber><alertCLocationTableVersion>4.6</alertCLocationTableVersion><alertCDirection><alertCDirectionCoded>both</alertCDirectionCoded></alertCDirection><alertCMethod4PrimaryPointLocation><alertCLocation><alertCLocationName><values><value lang="nob">Myre</value></values></alertCLocationName><specificLocation>4111</specificLocation></alertCLocation><offsetDistance><offsetDistance>7023</offsetDistance></offsetDistance></alertCMethod4PrimaryPointLocation></alertCPoint><pointByCoordinates><pointCoordinates><latitude>68.869446</latitude><longitude>15.074824</longitude></pointCoordinates></pointByCoordinates></groupOfLocations><complianceOption>mandatory</complianceOption><speedManagementType>speedRestrictionInOperation</speedManagementType><temporarySpeedLimit>50.0</temporarySpeedLimit></situationRecord><situationRecord xsi:type="ConstructionWorks" version="2" id="NPRA_VL_101623_3" xmlns:xsi="http://www.w3.org/2001/XMLSchema-instance"><situationRecordCreationTime>2014-09-02T13:03:51+02:00</situationRecordCreationTime><situationRecordVersionTime>2014-09-30T16:10:28+02:00</situationRecordVersionTime><probabilityOfOccurrence>certain</probabilityOfOccurrence><validity><validityStatus>definedByValidityTimeSpec</validityStatus><validityTimeSpecification><overallStartTime>2014-09-30T16:10:00+02:00</overallStartTime><overallEndTime>2015-01-16T00:00:00+01:00</overallEndTime></validityTimeSpecification></validity><generalPublicComment><comment><values><value>Kan bli stengt i perioder på inntil 15 minutter og nedsatt hastighet til 50 km/t på grunn av sprengningsarbeid.</value></values></comment><commentType>description</commentType></generalPublicComment><generalPublicComment><comment><values><value>Fv 821 Stavneset, på strekningen Frøskeland - Myre</value></values></comment><commentType>locationDescriptor</commentType></generalPublicComment><groupOfLocations xsi:type="Point"><locationForDisplay><latitude>68.869446</latitude><longitude>15.074824</longitude></locationForDisplay><locationExtension><locationExtension><roadNumber>F821</roadNumber><countyNumber>18</countyNumber></locationExtension></locationExtension><supplementaryPositionalDescription><affectedCarriagewayAndLanes><carriageway>mainCarriageway</carriageway><lane>allLanesCompleteCarriageway</lane></affectedCarriagewayAndLanes></supplementaryPositionalDescription><alertCPoint xsi:type="AlertCMethod4Point"><alertCLocationCountryCode>F</alertCLocationCountryCode><alertCLocationTableNumber>49</alertCLocationTableNumber><alertCLocationTableVersion>4.6</alertCLocationTableVersion><alertCDirection><alertCDirectionCoded>both</alertCDirectionCoded></alertCDirection><alertCMethod4PrimaryPointLocation><alertCLocation><alertCLocationName><values><value lang="nob">Myre</value></values></alertCLocationName><specificLocation>4111</specificLocation></alertCLocation><offsetDistance><offsetDistance>7023</offsetDistance></offsetDistance></alertCMethod4PrimaryPointLocation></alertCPoint><pointByCoordinates><pointCoordinates><latitude>68.869446</latitude><longitude>15.074824</longitude></pointCoordinates></pointByCoordinates></groupOfLocations><constructionWorkType>blastingWork</constructionWorkType></situationRecord></situation>