<situation version="1" id="NPRA_VL_101565" xmlns="http://datex2.eu/schema/2/2_0"><overallSeverity>high</overallSeverity><headerInformation><confidentiality>noRestriction</confidentiality><informationStatus>test</informationStatus></headerInformation><situationRecord xsi:type="SpeedManagement" version="1" id="NPRA_VL_101565_1" xmlns:xsi="http://www.w3.org/2001/XMLSchema-instance"><situationRecordCreationTime>2014-09-01T17:28:35+02:00</situationRecordCreationTime><situationRecordVersionTime>2014-09-01T17:28:35+02:00</situationRecordVersionTime><probabilityOfOccurrence>certain</probabilityOfOccurrence><validity><validityStatus>definedByValidityTimeSpec</validityStatus><validityTimeSpecification><overallStartTime>2014-08-22T07:00:00+02:00</overallStartTime><overallEndTime>2014-12-31T15:00:00+01:00</overallEndTime></validityTimeSpecification></validity><generalPublicComment><comment><values><value>Nedsatt hastighet til 50 km/t og lysregulering på grunn av vegarbeid.</value></values></comment><commentType>description</commentType></generalPublicComment><generalPublicComment><comment><values><value>Rv 7 Veme, på strekningen Hønefoss - Sokna</value></values></comment><commentType>locationDescriptor</commentType></generalPublicComment><groupOfLocations xsi:type="Point"><locationForDisplay><latitude>60.20394</latitude><longitude>10.090841</longitude></locationForDisplay><locationExtension><locationExtension><roadNumber>R7</roadNumber><countyNumber>6</countyNumber></locationExtension></locationExtension><supplementaryPositionalDescription><affectedCarriagewayAndLanes><carriageway>mainCarriageway</carriageway><lane>allLanesCompleteCarriageway</lane></affectedCarriagewayAndLanes></supplementaryPositionalDescription><alertCPoint xsi:type="AlertCMethod4Point"><alertCLocationCountryCode>F</alertCLocationCountryCode><alertCLocationTableNumber>49</alertCLocationTableNumber><alertCLocationTableVersion>4.6</alertCLocationTableVersion><alertCDirection><alertCDirectionCoded>both</alertCDirectionCoded></alertCDirection><alertCMethod4PrimaryPointLocation><alertCLocation><alertCLocationName><values><value lang="nob">Heggen</value></values></alertCLocationName><specificLocation>9403</specificLocation></alertCLocation><offsetDistance><offsetDistance>2161</offsetDistance></offsetDistance></alertCMethod4PrimaryPointLocation></alertCPoint><pointByCoordinates><pointCoordinates><latitude>60.20394</latitude><longitude>10.090841</longitude></pointCoordinates></pointByCoordinates></groupOfLocations><complianceOption>mandatory</complianceOption><speedManagementType>speedRestrictionInOperation</speedManagementType><temporarySpeedLimit>50.0</temporarySpeedLimit></situationRecord><situationRecord xsi:type="GeneralNetworkManagement" version="1" id="NPRA_VL_101565_2" xmlns:xsi="http://www.w3.org/2001/XMLSchema-instance"><situationRecordCreationTime>2014-09-01T17:28:35+02:00</situationRecordCreationTime><situationRecordVersionTime>2014-09-01T17:28:35+02:00</situationRecordVersionTime><probabilityOfOccurrence>certain</probabilityOfOccurrence><validity><validityStatus>definedByValidityTimeSpec</validityStatus><validityTimeSpecification><overallStartTime>2014-08-22T07:00:00+02:00</overallStartTime><overallEndTime>2014-12-31T15:00:00+01:00</overallEndTime></validityTimeSpecification></validity><generalPublicComment><comment><values><value>Nedsatt hastighet til 50 km/t og lysregulering på grunn av vegarbeid.</value></values></comment><commentType>description</commentType></generalPublicComment><generalPublicComment><comment><values><value>Rv 7 Veme, på strekningen Hønefoss - Sokna</value></values></comment><commentType>locationDescriptor</commentType></generalPublicComment><groupOfLocations xsi:type="Point"><locationForDisplay><latitude>60.20394</latitude><longitude>10.090841</longitude></locationForDisplay><locationExtension><locationExtension><roadNumber>R7</roadNumber><countyNumber>6</countyNumber></locationExtension></locationExtension><supplementaryPositionalDescription><affectedCarriagewayAndLanes><carriageway>mainCarriageway</carriageway><lane>allLanesCompleteCarriageway</lane></affectedCarriagewayAndLanes></supplementaryPositionalDescription><alertCPoint xsi:type="AlertCMethod4Point"><alertCLocationCountryCode>F</alertCLocationCountryCode><alertCLocationTableNumber>49</alertCLocationTableNumber><alertCLocationTableVersion>4.6</alertCLocationTableVersion><alertCDirection><alertCDirectionCoded>both</alertCDirectionCoded></alertCDirection><alertCMethod4PrimaryPointLocation><alertCLocation><alertCLocationName><values><value lang="nob">Heggen</value></values></alertCLocationName><specificLocation>9403</specificLocation></alertCLocation><offsetDistance><offsetDistance>2161</offsetDistance></offsetDistance></alertCMethod4PrimaryPointLocation></alertCPoint><pointByCoordinates><pointCoordinates><latitude>60.20394</latitude><longitude>10.090841</longitude></pointCoordinates></pointByCoordinates></groupOfLocations><complianceOption>mandatory</complianceOption><generalNetworkManagementType>temporaryTrafficLights</generalNetworkManagementType></situationRecord><situationRecord xsi:type="ConstructionWorks" version="1" id="NPRA_VL_101565_3" xmlns:xsi="http://www.w3.org/2001/XMLSchema-instance"><situationRecordCreationTime>2014-09-01T17:28:35+02:00</situationRecordCreationTime><situationRecordVersionTime>2014-09-01T17:28:35+02:00</situationRecordVersionTime><probabilityOfOccurrence>certain</probabilityOfOccurrence><validity><validityStatus>definedByValidityTimeSpec</validityStatus><validityTimeSpecification><overallStartTime>2014-08-22T07:00:00+02:00</overallStartTime><overallEndTime>2014-12-31T15:00:00+01:00</overallEndTime></validityTimeSpecification></validity><generalPublicComment><comment><values><value>Nedsatt hastighet til 50 km/t og lysregulering på grunn av vegarbeid.</value></values></comment><commentType>description</commentType></generalPublicComment><generalPublicComment><comment><values><value>Rv 7 Veme, på strekningen Hønefoss - Sokna</value></values></comment><commentType>locationDescriptor</commentType></generalPublicComment><groupOfLocations xsi:type="Point"><locationForDisplay><latitude>60.20394</latitude><longitude>10.090841</longitude></locationForDisplay><locationExtension><locationExtension><roadNumber>R7</roadNumber><countyNumber>6</countyNumber></locationExtension></locationExtension><supplementaryPositionalDescription><affectedCarriagewayAndLanes><carriageway>mainCarriageway</carriageway><lane>allLanesCompleteCarriageway</lane></affectedCarriagewayAndLanes></supplementaryPositionalDescription><alertCPoint xsi:type="AlertCMethod4Point"><alertCLocationCountryCode>F</alertCLocationCountryCode><alertCLocationTableNumber>49</alertCLocationTableNumber><alertCLocationTableVersion>4.6</alertCLocationTableVersion><alertCDirection><alertCDirectionCoded>both</alertCDirectionCoded></alertCDirection><alertCMethod4PrimaryPointLocation><alertCLocation><alertCLocationName><values><value lang="nob">Heggen</value></values></alertCLocationName><specificLocation>9403</specificLocation></alertCLocation><offsetDistance><offsetDistance>2161</offsetDistance></offsetDistance></alertCMethod4PrimaryPointLocation></alertCPoint><pointByCoordinates><pointCoordinates><latitude>60.20394</latitude><longitude>10.090841</longitude></pointCoordinates></pointByCoordinates></groupOfLocations><constructionWorkType>roadImprovementOrUpgrading</constructionWorkType></situationRecord></situation>