<situation version="1" id="NPRA_VL_101725" xmlns="http://datex2.eu/schema/2/2_0"><overallSeverity>low</overallSeverity><headerInformation><confidentiality>noRestriction</confidentiality><informationStatus>test</informationStatus></headerInformation><situationRecord xsi:type="SpeedManagement" version="1" id="NPRA_VL_101725_1" xmlns:xsi="http://www.w3.org/2001/XMLSchema-instance"><situationRecordCreationTime>2014-09-04T09:21:52+02:00</situationRecordCreationTime><situationRecordVersionTime>2014-09-04T09:21:52+02:00</situationRecordVersionTime><probabilityOfOccurrence>certain</probabilityOfOccurrence><validity><validityStatus>definedByValidityTimeSpec</validityStatus><validityTimeSpecification><overallStartTime>2014-09-04T09:13:00+02:00</overallStartTime><overallEndTime>2015-01-08T00:00:00+01:00</overallEndTime></validityTimeSpecification></validity><generalPublicComment><comment><values><value>Nedsatt hastighet til 50 km/t på grunn av vedlikeholdsarbeid. Stor anleggstrafikk.</value></values></comment><commentType>description</commentType></generalPublicComment><generalPublicComment><comment><values><value>Fv 76 Bjørnstokkvika - Leiråa, på strekningen Brønnøysund - Brenna</value></values></comment><commentType>locationDescriptor</commentType></generalPublicComment><groupOfLocations xsi:type="Linear"><locationForDisplay><latitude>65.329575</latitude><longitude>12.926442</longitude></locationForDisplay><locationExtension><locationExtension><roadNumber>F76</roadNumber><countyNumber>18</countyNumber></locationExtension></locationExtension><supplementaryPositionalDescription><affectedCarriagewayAndLanes><carriageway>mainCarriageway</carriageway><lane>allLanesCompleteCarriageway</lane></affectedCarriagewayAndLanes></supplementaryPositionalDescription><alertCLinear xsi:type="AlertCMethod4Linear"><alertCLocationCountryCode>F</alertCLocationCountryCode><alertCLocationTableNumber>49</alertCLocationTableNumber><alertCLocationTableVersion>4.6</alertCLocationTableVersion><alertCDirection><alertCDirectionCoded>both</alertCDirectionCoded></alertCDirection><alertCMethod4PrimaryPointLocation><alertCLocation><alertCLocationName><values><value lang="nob">Bjørnstokktunnelen</value></values></alertCLocationName><specificLocation>17747</specificLocation></alertCLocation><offsetDistance><offsetDistance>1806</offsetDistance></offsetDistance></alertCMethod4PrimaryPointLocation><alertCMethod4SecondaryPointLocation><alertCLocation><alertCLocationName><values><value lang="nob">Dagslottunnelen</value></values></alertCLocationName><specificLocation>5105</specificLocation></alertCLocation><offsetDistance><offsetDistance>9926</offsetDistance></offsetDistance></alertCMethod4SecondaryPointLocation></alertCLinear><linearExtension><linearLineStringExtension><gmlLineString srsName="EPSG:4326"><coordinates>12.940137468333733 65.33242025308311 12.939862707052523 65.33236264335518 12.939629462156365 65.33232355260256 12.938779518264269 65.33220422542443 12.938139959266929 65.33214162666016 12.937692831571576 65.33209063265254 12.936499562797431 65.33196659760775 12.935989470551068 65.33189678464818 12.935203933201995 65.33177831836906 12.934781088861714 65.33169174326648 12.93431673699333 65.33158664607483 12.933810879075942 65.3314630264143 12.932590931157803 65.3311321418002 12.932020716163919 65.33100763374323 12.93130241448952 65.33085416371594 12.930667133876005 65.33073773413518 12.929840149792494 65.3306007181628 12.929056089384684 65.33046428696932 12.928378618753895 65.33033829197909 12.92799944028869 65.33024332092407 12.927683930700555 65.33015819997127 12.92734908299177 65.33004588390807 12.927079315033604 65.32992548536485 12.926790210144498 65.32977789181876 12.92646172467556 65.32958487511337 12.924931594183889 65.32855849157275 12.92431689004433 65.32818200660641 12.923782370050558 65.32787843278663 12.92326648952619 65.3276110185732 12.923100504969998 65.32753692278095 12.922129608621205 65.32704780736421 12.921798361374373 65.32689064662922 12.921405585305035 65.32669673204562 12.921323306008349 65.32665071666574 12.92107434678296 65.32653956973913 12.920330313418269 65.32617026056462 12.919999087916562 65.32601309592437 12.919666450076914 65.32587386353663 12.919289492175556 65.32575197135748 12.918911829376007 65.32563904472623 12.91840757546517 65.32549744090481 12.917859711861567 65.32536420944867 12.916976403952232 65.32512760364432 12.916892719162822 65.325099518818 12.916703188071903 65.32505201911282 12.91628547783667 65.3249026273019 12.916098077236985 65.32482822743981 </coordinates></gmlLineString></linearLineStringExtension></linearExtension></groupOfLocations><complianceOption>mandatory</complianceOption><speedManagementType>speedRestrictionInOperation</speedManagementType><temporarySpeedLimit>50.0</temporarySpeedLimit></situationRecord><situationRecord xsi:type="MaintenanceWorks" version="1" id="NPRA_VL_101725_2" xmlns:xsi="http://www.w3.org/2001/XMLSchema-instance"><situationRecordCreationTime>2014-09-04T09:21:52+02:00</situationRecordCreationTime><situationRecordVersionTime>2014-09-04T09:21:52+02:00</situationRecordVersionTime><probabilityOfOccurrence>certain</probabilityOfOccurrence><validity><validityStatus>definedByValidityTimeSpec</validityStatus><validityTimeSpecification><overallStartTime>2014-09-04T09:13:00+02:00</overallStartTime><overallEndTime>2015-01-08T00:00:00+01:00</overallEndTime></validityTimeSpecification></validity><generalPublicComment><comment><values><value>Nedsatt hastighet til 50 km/t på grunn av vedlikeholdsarbeid. Stor anleggstrafikk.</value></values></comment><commentType>description</commentType></generalPublicComment><generalPublicComment><comment><values><value>Fv 76 Bjørnstokkvika - Leiråa, på strekningen Brønnøysund - Brenna</value></values></comment><commentType>locationDescriptor</commentType></generalPublicComment><groupOfLocations xsi:type="Linear"><locationForDisplay><latitude>65.329575</latitude><longitude>12.926442</longitude></locationForDisplay><locationExtension><locationExtension><roadNumber>F76</roadNumber><countyNumber>18</countyNumber></locationExtension></locationExtension><supplementaryPositionalDescription><affectedCarriagewayAndLanes><carriageway>mainCarriageway</carriageway><lane>allLanesCompleteCarriageway</lane></affectedCarriagewayAndLanes></supplementaryPositionalDescription><alertCLinear xsi:type="AlertCMethod4Linear"><alertCLocationCountryCode>F</alertCLocationCountryCode><alertCLocationTableNumber>49</alertCLocationTableNumber><alertCLocationTableVersion>4.6</alertCLocationTableVersion><alertCDirection><alertCDirectionCoded>both</alertCDirectionCoded></alertCDirection><alertCMethod4PrimaryPointLocation><alertCLocation><alertCLocationName><values><value lang="nob">Bjørnstokktunnelen</value></values></alertCLocationName><specificLocation>17747</specificLocation></alertCLocation><offsetDistance><offsetDistance>1806</offsetDistance></offsetDistance></alertCMethod4PrimaryPointLocation><alertCMethod4SecondaryPointLocation><alertCLocation><alertCLocationName><values><value lang="nob">Dagslottunnelen</value></values></alertCLocationName><specificLocation>5105</specificLocation></alertCLocation><offsetDistance><offsetDistance>9926</offsetDistance></offsetDistance></alertCMethod4SecondaryPointLocation></alertCLinear><linearExtension><linearLineStringExtension><gmlLineString srsName="EPSG:4326"><coordinates>12.940137468333733 65.33242025308311 12.939862707052523 65.33236264335518 12.939629462156365 65.33232355260256 12.938779518264269 65.33220422542443 12.938139959266929 65.33214162666016 12.937692831571576 65.33209063265254 12.936499562797431 65.33196659760775 12.935989470551068 65.33189678464818 12.935203933201995 65.33177831836906 12.934781088861714 65.33169174326648 12.93431673699333 65.33158664607483 12.933810879075942 65.3314630264143 12.932590931157803 65.3311321418002 12.932020716163919 65.33100763374323 12.93130241448952 65.33085416371594 12.930667133876005 65.33073773413518 12.929840149792494 65.3306007181628 12.929056089384684 65.33046428696932 12.928378618753895 65.33033829197909 12.92799944028869 65.33024332092407 12.927683930700555 65.33015819997127 12.92734908299177 65.33004588390807 12.927079315033604 65.32992548536485 12.926790210144498 65.32977789181876 12.92646172467556 65.32958487511337 12.924931594183889 65.32855849157275 12.92431689004433 65.32818200660641 12.923782370050558 65.32787843278663 12.92326648952619 65.3276110185732 12.923100504969998 65.32753692278095 12.922129608621205 65.32704780736421 12.921798361374373 65.32689064662922 12.921405585305035 65.32669673204562 12.921323306008349 65.32665071666574 12.92107434678296 65.32653956973913 12.920330313418269 65.32617026056462 12.919999087916562 65.32601309592437 12.919666450076914 65.32587386353663 12.919289492175556 65.32575197135748 12.918911829376007 65.32563904472623 12.91840757546517 65.32549744090481 12.917859711861567 65.32536420944867 12.916976403952232 65.32512760364432 12.916892719162822 65.325099518818 12.916703188071903 65.32505201911282 12.91628547783667 65.3249026273019 12.916098077236985 65.32482822743981 </coordinates></gmlLineString></linearLineStringExtension></linearExtension></groupOfLocations><roadMaintenanceType>maintenanceWork</roadMaintenanceType></situationRecord></situation>