<situation version="4" id="NPRA_VL_102202" xmlns="http://datex2.eu/schema/2/2_0"><overallSeverity>high</overallSeverity><headerInformation><confidentiality>noRestriction</confidentiality><informationStatus>test</informationStatus></headerInformation><situationRecord xsi:type="RoadOrCarriagewayOrLaneManagement" version="4" id="NPRA_VL_102202_1" xmlns:xsi="http://www.w3.org/2001/XMLSchema-instance"><situationRecordCreationTime>2014-09-11T16:35:55+02:00</situationRecordCreationTime><situationRecordVersionTime>2014-11-19T06:14:59+01:00</situationRecordVersionTime><probabilityOfOccurrence>riskOf</probabilityOfOccurrence><validity><validityStatus>definedByValidityTimeSpec</validityStatus><validityTimeSpecification><overallStartTime>2014-11-19T06:14:59+01:00</overallStartTime></validityTimeSpecification></validity><impact><delays><delayTimeValue>900.0</delayTimeValue></delays></impact><generalPublicComment><comment><values><value>Kan bli stengt i perioder på inntil 15 minutter, manuell dirigering og nedsatt hastighet til 30 km/t på grunn av vedlikeholdsarbeid. Arbeidet ventes avsluttet i slutten av november. Forsinkelser må påventes.</value></values></comment><commentType>description</commentType></generalPublicComment><generalPublicComment><comment><values><value>Ev 6 Leirviktunnelen, på strekningen Narvik - Bjerkvik</value></values></comment><commentType>locationDescriptor</commentType></generalPublicComment><groupOfLocations xsi:type="Point"><locationForDisplay><latitude>68.47482</latitude><longitude>17.579784</longitude></locationForDisplay><locationExtension><locationExtension><roadNumber>E6</roadNumber><countyNumber>18</countyNumber></locationExtension></locationExtension><supplementaryPositionalDescription><affectedCarriagewayAndLanes><carriageway>mainCarriageway</carriageway><lane>allLanesCompleteCarriageway</lane></affectedCarriagewayAndLanes></supplementaryPositionalDescription><alertCPoint xsi:type="AlertCMethod4Point"><alertCLocationCountryCode>F</alertCLocationCountryCode><alertCLocationTableNumber>49</alertCLocationTableNumber><alertCLocationTableVersion>4.6</alertCLocationTableVersion><alertCDirection><alertCDirectionCoded>both</alertCDirectionCoded></alertCDirection><alertCMethod4PrimaryPointLocation><alertCLocation><alertCLocationName><values><value lang="nob">Leirviktunnelen</value></values></alertCLocationName><specificLocation>5164</specificLocation></alertCLocation><offsetDistance><offsetDistance>0</offsetDistance></offsetDistance></alertCMethod4PrimaryPointLocation></alertCPoint><pointByCoordinates><pointCoordinates><latitude>68.47482</latitude><longitude>17.579784</longitude></pointCoordinates></pointByCoordinates></groupOfLocations><complianceOption>mandatory</complianceOption><roadOrCarriagewayOrLaneManagementType>roadClosed</roadOrCarriagewayOrLaneManagementType></situationRecord><situationRecord xsi:type="GeneralNetworkManagement" version="4" id="NPRA_VL_102202_2" xmlns:xsi="http://www.w3.org/2001/XMLSchema-instance"><situationRecordCreationTime>2014-09-11T16:35:55+02:00</situationRecordCreationTime><situationRecordVersionTime>2014-11-19T06:14:59+01:00</situationRecordVersionTime><probabilityOfOccurrence>certain</probabilityOfOccurrence><validity><validityStatus>definedByValidityTimeSpec</validityStatus><validityTimeSpecification><overallStartTime>2014-11-19T06:14:59+01:00</overallStartTime></validityTimeSpecification></validity><generalPublicComment><comment><values><value>Kan bli stengt i perioder på inntil 15 minutter, manuell dirigering og nedsatt hastighet til 30 km/t på grunn av vedlikeholdsarbeid. Arbeidet ventes avsluttet i slutten av november. Forsinkelser må påventes.</value></values></comment><commentType>description</commentType></generalPublicComment><generalPublicComment><comment><values><value>Ev 6 Leirviktunnelen, på strekningen Narvik - Bjerkvik</value></values></comment><commentType>locationDescriptor</commentType></generalPublicComment><groupOfLocations xsi:type="Point"><locationForDisplay><latitude>68.47482</latitude><longitude>17.579784</longitude></locationForDisplay><locationExtension><locationExtension><roadNumber>E6</roadNumber><countyNumber>18</countyNumber></locationExtension></locationExtension><supplementaryPositionalDescription><affectedCarriagewayAndLanes><carriageway>mainCarriageway</carriageway><lane>allLanesCompleteCarriageway</lane></affectedCarriagewayAndLanes></supplementaryPositionalDescription><alertCPoint xsi:type="AlertCMethod4Point"><alertCLocationCountryCode>F</alertCLocationCountryCode><alertCLocationTableNumber>49</alertCLocationTableNumber><alertCLocationTableVersion>4.6</alertCLocationTableVersion><alertCDirection><alertCDirectionCoded>both</alertCDirectionCoded></alertCDirection><alertCMethod4PrimaryPointLocation><alertCLocation><alertCLocationName><values><value lang="nob">Leirviktunnelen</value></values></alertCLocationName><specificLocation>5164</specificLocation></alertCLocation><offsetDistance><offsetDistance>0</offsetDistance></offsetDistance></alertCMethod4PrimaryPointLocation></alertCPoint><pointByCoordinates><pointCoordinates><latitude>68.47482</latitude><longitude>17.579784</longitude></pointCoordinates></pointByCoordinates></groupOfLocations><complianceOption>mandatory</complianceOption><generalNetworkManagementType>trafficBeingManuallyDirected</generalNetworkManagementType></situationRecord><situationRecord xsi:type="SpeedManagement" version="4" id="NPRA_VL_102202_3" xmlns:xsi="http://www.w3.org/2001/XMLSchema-instance"><situationRecordCreationTime>2014-09-11T16:35:55+02:00</situationRecordCreationTime><situationRecordVersionTime>2014-11-19T06:14:59+01:00</situationRecordVersionTime><probabilityOfOccurrence>certain</probabilityOfOccurrence><validity><validityStatus>definedByValidityTimeSpec</validityStatus><validityTimeSpecification><overallStartTime>2014-11-19T06:14:59+01:00</overallStartTime></validityTimeSpecification></validity><generalPublicComment><comment><values><value>Kan bli stengt i perioder på inntil 15 minutter, manuell dirigering og nedsatt hastighet til 30 km/t på grunn av vedlikeholdsarbeid. Arbeidet ventes avsluttet i slutten av november. Forsinkelser må påventes.</value></values></comment><commentType>description</commentType></generalPublicComment><generalPublicComment><comment><values><value>Ev 6 Leirviktunnelen, på strekningen Narvik - Bjerkvik</value></values></comment><commentType>locationDescriptor</commentType></generalPublicComment><groupOfLocations xsi:type="Point"><locationForDisplay><latitude>68.47482</latitude><longitude>17.579784</longitude></locationForDisplay><locationExtension><locationExtension><roadNumber>E6</roadNumber><countyNumber>18</countyNumber></locationExtension></locationExtension><supplementaryPositionalDescription><affectedCarriagewayAndLanes><carriageway>mainCarriageway</carriageway><lane>allLanesCompleteCarriageway</lane></affectedCarriagewayAndLanes></supplementaryPositionalDescription><alertCPoint xsi:type="AlertCMethod4Point"><alertCLocationCountryCode>F</alertCLocationCountryCode><alertCLocationTableNumber>49</alertCLocationTableNumber><alertCLocationTableVersion>4.6</alertCLocationTableVersion><alertCDirection><alertCDirectionCoded>both</alertCDirectionCoded></alertCDirection><alertCMethod4PrimaryPointLocation><alertCLocation><alertCLocationName><values><value lang="nob">Leirviktunnelen</value></values></alertCLocationName><specificLocation>5164</specificLocation></alertCLocation><offsetDistance><offsetDistance>0</offsetDistance></offsetDistance></alertCMethod4PrimaryPointLocation></alertCPoint><pointByCoordinates><pointCoordinates><latitude>68.47482</latitude><longitude>17.579784</longitude></pointCoordinates></pointByCoordinates></groupOfLocations><complianceOption>mandatory</complianceOption><speedManagementType>speedRestrictionInOperation</speedManagementType><temporarySpeedLimit>30.0</temporarySpeedLimit></situationRecord><situationRecord xsi:type="MaintenanceWorks" version="4" id="NPRA_VL_102202_4" xmlns:xsi="http://www.w3.org/2001/XMLSchema-instance"><situationRecordCreationTime>2014-09-11T16:35:55+02:00</situationRecordCreationTime><situationRecordVersionTime>2014-11-19T06:14:59+01:00</situationRecordVersionTime><probabilityOfOccurrence>certain</probabilityOfOccurrence><validity><validityStatus>definedByValidityTimeSpec</validityStatus><validityTimeSpecification><overallStartTime>2014-11-19T06:14:59+01:00</overallStartTime></validityTimeSpecification></validity><generalPublicComment><comment><values><value>Kan bli stengt i perioder på inntil 15 minutter, manuell dirigering og nedsatt hastighet til 30 km/t på grunn av vedlikeholdsarbeid. Arbeidet ventes avsluttet i slutten av november. Forsinkelser må påventes.</value></values></comment><commentType>description</commentType></generalPublicComment><generalPublicComment><comment><values><value>Ev 6 Leirviktunnelen, på strekningen Narvik - Bjerkvik</value></values></comment><commentType>locationDescriptor</commentType></generalPublicComment><groupOfLocations xsi:type="Point"><locationForDisplay><latitude>68.47482</latitude><longitude>17.579784</longitude></locationForDisplay><locationExtension><locationExtension><roadNumber>E6</roadNumber><countyNumber>18</countyNumber></locationExtension></locationExtension><supplementaryPositionalDescription><affectedCarriagewayAndLanes><carriageway>mainCarriageway</carriageway><lane>allLanesCompleteCarriageway</lane></affectedCarriagewayAndLanes></supplementaryPositionalDescription><alertCPoint xsi:type="AlertCMethod4Point"><alertCLocationCountryCode>F</alertCLocationCountryCode><alertCLocationTableNumber>49</alertCLocationTableNumber><alertCLocationTableVersion>4.6</alertCLocationTableVersion><alertCDirection><alertCDirectionCoded>both</alertCDirectionCoded></alertCDirection><alertCMethod4PrimaryPointLocation><alertCLocation><alertCLocationName><values><value lang="nob">Leirviktunnelen</value></values></alertCLocationName><specificLocation>5164</specificLocation></alertCLocation><offsetDistance><offsetDistance>0</offsetDistance></offsetDistance></alertCMethod4PrimaryPointLocation></alertCPoint><pointByCoordinates><pointCoordinates><latitude>68.47482</latitude><longitude>17.579784</longitude></pointCoordinates></pointByCoordinates></groupOfLocations><roadMaintenanceType>maintenanceWork</roadMaintenanceType></situationRecord></situation>