<situation version="9" id="NPRA_VL_102202" xmlns="http://datex2.eu/schema/2/2_0"><overallSeverity>highest</overallSeverity><headerInformation><confidentiality>noRestriction</confidentiality><informationStatus>test</informationStatus></headerInformation><situationRecord xsi:type="RoadOrCarriagewayOrLaneManagement" version="9" id="NPRA_VL_102202_1" xmlns:xsi="http://www.w3.org/2001/XMLSchema-instance"><situationRecordCreationTime>2014-09-11T16:35:55+02:00</situationRecordCreationTime><situationRecordVersionTime>2015-01-10T12:47:24+01:00</situationRecordVersionTime><probabilityOfOccurrence>certain</probabilityOfOccurrence><validity><validityStatus>definedByValidityTimeSpec</validityStatus><validityTimeSpecification><overallStartTime>2015-01-07T20:00:00+01:00</overallStartTime><overallEndTime>2015-01-17T05:00:00+01:00</overallEndTime><validPeriod><recurringTimePeriodOfDay xsi:type="TimePeriodByHour"><startTimeOfPeriod>20:00:00</startTimeOfPeriod><endTimeOfPeriod>24:00:00</endTimeOfPeriod></recurringTimePeriodOfDay><recurringDayWeekMonthPeriod><applicableDay>monday</applicableDay><applicableDay>tuesday</applicableDay><applicableDay>wednesday</applicableDay><applicableDay>thursday</applicableDay><applicableDay>friday</applicableDay><applicableDay>saturday</applicableDay><applicableDay>sunday</applicableDay></recurringDayWeekMonthPeriod></validPeriod><validPeriod><recurringTimePeriodOfDay xsi:type="TimePeriodByHour"><startTimeOfPeriod>00:00:00</startTimeOfPeriod><endTimeOfPeriod>05:00:00</endTimeOfPeriod></recurringTimePeriodOfDay><recurringDayWeekMonthPeriod><applicableDay>tuesday</applicableDay><applicableDay>wednesday</applicableDay><applicableDay>thursday</applicableDay><applicableDay>friday</applicableDay><applicableDay>saturday</applicableDay><applicableDay>sunday</applicableDay><applicableDay>monday</applicableDay></recurringDayWeekMonthPeriod></validPeriod></validityTimeSpecification></validity><generalPublicComment><comment><values><value>Redusert framkommelighet og manuell dirigering på grunn av vedlikeholdsarbeid i periodene: Alle dager fra 20:00 til 05:00 (neste dag). Ventetid ca 1 time.</value></values></comment><commentType>description</commentType></generalPublicComment><generalPublicComment><comment><values><value>Ev 6 Leirviktunnelen, på strekningen Narvik - Bjerkvik</value></values></comment><commentType>locationDescriptor</commentType></generalPublicComment><groupOfLocations xsi:type="Point"><locationForDisplay><latitude>68.47482</latitude><longitude>17.579784</longitude></locationForDisplay><locationExtension><locationExtension><roadNumber>E6</roadNumber><countyNumber>18</countyNumber></locationExtension></locationExtension><supplementaryPositionalDescription><affectedCarriagewayAndLanes><carriageway>mainCarriageway</carriageway><lane>allLanesCompleteCarriageway</lane></affectedCarriagewayAndLanes></supplementaryPositionalDescription><alertCPoint xsi:type="AlertCMethod4Point"><alertCLocationCountryCode>F</alertCLocationCountryCode><alertCLocationTableNumber>49</alertCLocationTableNumber><alertCLocationTableVersion>4.6</alertCLocationTableVersion><alertCDirection><alertCDirectionCoded>both</alertCDirectionCoded></alertCDirection><alertCMethod4PrimaryPointLocation><alertCLocation><alertCLocationName><values><value lang="nob">Leirviktunnelen</value></values></alertCLocationName><specificLocation>5164</specificLocation></alertCLocation><offsetDistance><offsetDistance>0</offsetDistance></offsetDistance></alertCMethod4PrimaryPointLocation></alertCPoint><pointByCoordinates><pointCoordinates><latitude>68.47482</latitude><longitude>17.579784</longitude></pointCoordinates></pointByCoordinates></groupOfLocations><complianceOption>mandatory</complianceOption><roadOrCarriagewayOrLaneManagementType>other</roadOrCarriagewayOrLaneManagementType></situationRecord><situationRecord xsi:type="GeneralNetworkManagement" version="9" id="NPRA_VL_102202_2" xmlns:xsi="http://www.w3.org/2001/XMLSchema-instance"><situationRecordCreationTime>2014-09-11T16:35:55+02:00</situationRecordCreationTime><situationRecordVersionTime>2015-01-10T12:47:24+01:00</situationRecordVersionTime><probabilityOfOccurrence>certain</probabilityOfOccurrence><validity><validityStatus>definedByValidityTimeSpec</validityStatus><validityTimeSpecification><overallStartTime>2015-01-07T20:00:00+01:00</overallStartTime><overallEndTime>2015-01-17T05:00:00+01:00</overallEndTime><validPeriod><recurringTimePeriodOfDay xsi:type="TimePeriodByHour"><startTimeOfPeriod>20:00:00</startTimeOfPeriod><endTimeOfPeriod>24:00:00</endTimeOfPeriod></recurringTimePeriodOfDay><recurringDayWeekMonthPeriod><applicableDay>monday</applicableDay><applicableDay>tuesday</applicableDay><applicableDay>wednesday</applicableDay><applicableDay>thursday</applicableDay><applicableDay>friday</applicableDay><applicableDay>saturday</applicableDay><applicableDay>sunday</applicableDay></recurringDayWeekMonthPeriod></validPeriod><validPeriod><recurringTimePeriodOfDay xsi:type="TimePeriodByHour"><startTimeOfPeriod>00:00:00</startTimeOfPeriod><endTimeOfPeriod>05:00:00</endTimeOfPeriod></recurringTimePeriodOfDay><recurringDayWeekMonthPeriod><applicableDay>tuesday</applicableDay><applicableDay>wednesday</applicableDay><applicableDay>thursday</applicableDay><applicableDay>friday</applicableDay><applicableDay>saturday</applicableDay><applicableDay>sunday</applicableDay><applicableDay>monday</applicableDay></recurringDayWeekMonthPeriod></validPeriod></validityTimeSpecification></validity><generalPublicComment><comment><values><value>Redusert framkommelighet og manuell dirigering på grunn av vedlikeholdsarbeid i periodene: Alle dager fra 20:00 til 05:00 (neste dag). Ventetid ca 1 time.</value></values></comment><commentType>description</commentType></generalPublicComment><generalPublicComment><comment><values><value>Ev 6 Leirviktunnelen, på strekningen Narvik - Bjerkvik</value></values></comment><commentType>locationDescriptor</commentType></generalPublicComment><groupOfLocations xsi:type="Point"><locationForDisplay><latitude>68.47482</latitude><longitude>17.579784</longitude></locationForDisplay><locationExtension><locationExtension><roadNumber>E6</roadNumber><countyNumber>18</countyNumber></locationExtension></locationExtension><supplementaryPositionalDescription><affectedCarriagewayAndLanes><carriageway>mainCarriageway</carriageway><lane>allLanesCompleteCarriageway</lane></affectedCarriagewayAndLanes></supplementaryPositionalDescription><alertCPoint xsi:type="AlertCMethod4Point"><alertCLocationCountryCode>F</alertCLocationCountryCode><alertCLocationTableNumber>49</alertCLocationTableNumber><alertCLocationTableVersion>4.6</alertCLocationTableVersion><alertCDirection><alertCDirectionCoded>both</alertCDirectionCoded></alertCDirection><alertCMethod4PrimaryPointLocation><alertCLocation><alertCLocationName><values><value lang="nob">Leirviktunnelen</value></values></alertCLocationName><specificLocation>5164</specificLocation></alertCLocation><offsetDistance><offsetDistance>0</offsetDistance></offsetDistance></alertCMethod4PrimaryPointLocation></alertCPoint><pointByCoordinates><pointCoordinates><latitude>68.47482</latitude><longitude>17.579784</longitude></pointCoordinates></pointByCoordinates></groupOfLocations><complianceOption>mandatory</complianceOption><generalNetworkManagementType>trafficBeingManuallyDirected</generalNetworkManagementType></situationRecord><situationRecord xsi:type="MaintenanceWorks" version="9" id="NPRA_VL_102202_3" xmlns:xsi="http://www.w3.org/2001/XMLSchema-instance"><situationRecordCreationTime>2014-09-11T16:35:55+02:00</situationRecordCreationTime><situationRecordVersionTime>2015-01-10T12:47:24+01:00</situationRecordVersionTime><probabilityOfOccurrence>certain</probabilityOfOccurrence><validity><validityStatus>definedByValidityTimeSpec</validityStatus><validityTimeSpecification><overallStartTime>2015-01-07T20:00:00+01:00</overallStartTime><overallEndTime>2015-01-17T05:00:00+01:00</overallEndTime><validPeriod><recurringTimePeriodOfDay xsi:type="TimePeriodByHour"><startTimeOfPeriod>20:00:00</startTimeOfPeriod><endTimeOfPeriod>24:00:00</endTimeOfPeriod></recurringTimePeriodOfDay><recurringDayWeekMonthPeriod><applicableDay>monday</applicableDay><applicableDay>tuesday</applicableDay><applicableDay>wednesday</applicableDay><applicableDay>thursday</applicableDay><applicableDay>friday</applicableDay><applicableDay>saturday</applicableDay><applicableDay>sunday</applicableDay></recurringDayWeekMonthPeriod></validPeriod><validPeriod><recurringTimePeriodOfDay xsi:type="TimePeriodByHour"><startTimeOfPeriod>00:00:00</startTimeOfPeriod><endTimeOfPeriod>05:00:00</endTimeOfPeriod></recurringTimePeriodOfDay><recurringDayWeekMonthPeriod><applicableDay>tuesday</applicableDay><applicableDay>wednesday</applicableDay><applicableDay>thursday</applicableDay><applicableDay>friday</applicableDay><applicableDay>saturday</applicableDay><applicableDay>sunday</applicableDay><applicableDay>monday</applicableDay></recurringDayWeekMonthPeriod></validPeriod></validityTimeSpecification></validity><generalPublicComment><comment><values><value>Redusert framkommelighet og manuell dirigering på grunn av vedlikeholdsarbeid i periodene: Alle dager fra 20:00 til 05:00 (neste dag). Ventetid ca 1 time.</value></values></comment><commentType>description</commentType></generalPublicComment><generalPublicComment><comment><values><value>Ev 6 Leirviktunnelen, på strekningen Narvik - Bjerkvik</value></values></comment><commentType>locationDescriptor</commentType></generalPublicComment><groupOfLocations xsi:type="Point"><locationForDisplay><latitude>68.47482</latitude><longitude>17.579784</longitude></locationForDisplay><locationExtension><locationExtension><roadNumber>E6</roadNumber><countyNumber>18</countyNumber></locationExtension></locationExtension><supplementaryPositionalDescription><affectedCarriagewayAndLanes><carriageway>mainCarriageway</carriageway><lane>allLanesCompleteCarriageway</lane></affectedCarriagewayAndLanes></supplementaryPositionalDescription><alertCPoint xsi:type="AlertCMethod4Point"><alertCLocationCountryCode>F</alertCLocationCountryCode><alertCLocationTableNumber>49</alertCLocationTableNumber><alertCLocationTableVersion>4.6</alertCLocationTableVersion><alertCDirection><alertCDirectionCoded>both</alertCDirectionCoded></alertCDirection><alertCMethod4PrimaryPointLocation><alertCLocation><alertCLocationName><values><value lang="nob">Leirviktunnelen</value></values></alertCLocationName><specificLocation>5164</specificLocation></alertCLocation><offsetDistance><offsetDistance>0</offsetDistance></offsetDistance></alertCMethod4PrimaryPointLocation></alertCPoint><pointByCoordinates><pointCoordinates><latitude>68.47482</latitude><longitude>17.579784</longitude></pointCoordinates></pointByCoordinates></groupOfLocations><roadMaintenanceType>maintenanceWork</roadMaintenanceType></situationRecord></situation>