<situation version="1" id="NPRA_VL_103096" xmlns="http://datex2.eu/schema/2/2_0"><overallSeverity>low</overallSeverity><headerInformation><confidentiality>noRestriction</confidentiality><informationStatus>test</informationStatus></headerInformation><situationRecord xsi:type="RoadOrCarriagewayOrLaneManagement" version="1" id="NPRA_VL_103096_1" xmlns:xsi="http://www.w3.org/2001/XMLSchema-instance"><situationRecordCreationTime>2014-09-26T08:06:29+02:00</situationRecordCreationTime><situationRecordVersionTime>2014-09-26T08:06:29+02:00</situationRecordVersionTime><probabilityOfOccurrence>certain</probabilityOfOccurrence><validity><validityStatus>definedByValidityTimeSpec</validityStatus><validityTimeSpecification><overallStartTime>2014-09-26T07:14:00+02:00</overallStartTime><overallEndTime>2015-05-02T00:00:00+02:00</overallEndTime></validityTimeSpecification></validity><generalPublicComment><comment><values><value>Stengt på grunn av vegarbeid. Anbefalt omkjøring via Fv 173. Omkjøring via Kokstad.</value></values></comment><commentType>description</commentType></generalPublicComment><generalPublicComment><comment><values><value>Fv 556 Lønningsberget - Birkelandskrysset, på strekningen Hjellestad - Fjøsanger</value></values></comment><commentType>locationDescriptor</commentType></generalPublicComment><groupOfLocations xsi:type="Linear"><locationForDisplay><latitude>60.296715</latitude><longitude>5.2701263</longitude></locationForDisplay><locationExtension><locationExtension><roadNumber>F556</roadNumber><countyNumber>12</countyNumber><municipalityNumber>0</municipalityNumber></locationExtension></locationExtension><supplementaryPositionalDescription><affectedCarriagewayAndLanes><carriageway>mainCarriageway</carriageway><lane>allLanesCompleteCarriageway</lane></affectedCarriagewayAndLanes></supplementaryPositionalDescription><alertCLinear xsi:type="AlertCMethod4Linear"><alertCLocationCountryCode>F</alertCLocationCountryCode><alertCLocationTableNumber>49</alertCLocationTableNumber><alertCLocationTableVersion>4.6</alertCLocationTableVersion><alertCDirection><alertCDirectionCoded>both</alertCDirectionCoded></alertCDirection><alertCMethod4PrimaryPointLocation><alertCLocation><alertCLocationName><values><value lang="nob">Dolvik</value></values></alertCLocationName><specificLocation>17267</specificLocation></alertCLocation><offsetDistance><offsetDistance>1793</offsetDistance></offsetDistance></alertCMethod4PrimaryPointLocation><alertCMethod4SecondaryPointLocation><alertCLocation><alertCLocationName><values><value lang="nob">Birkelandskrysset</value></values></alertCLocationName><specificLocation>3301</specificLocation></alertCLocation><offsetDistance><offsetDistance>1429</offsetDistance></offsetDistance></alertCMethod4SecondaryPointLocation></alertCLinear><linearExtension><linearLineStringExtension><gmlLineString srsName="EPSG:4326"><coordinates>5.270595003627956 60.30091583061951 5.270759670870008 60.300367151807926 5.270763085583808 60.30029503648351 5.270805579174969 60.30015344189724 5.27081240823376 60.30000921124212 5.27083365473014 60.2999384139381 5.270857554994099 60.29943360663149 5.270840481755038 60.299369022953314 5.27084731016371 60.2992247922963 5.270818475360122 60.29907792561677 5.270821889536476 60.29900581029069 5.27071300229726 60.29851832591726 5.270680754145498 60.29844357455798 5.2706663372757685 60.298370141220516 5.270604497233471 60.29821178882892 5.270590080589848 60.298138355490686 5.270434155414258 60.29774689927883 5.27025661002138 60.29724529296527 5.27024485005529 60.29716300997065 5.270215259705177 60.297079408909504 5.2701864287524005 60.296932542223765 5.270154183050387 60.29685779080867 5.270110937263438 60.29663749078026 5.2700991777410024 60.296555207789716 5.270102592714643 60.296483092525214 5.270064658771446 60.29624509320951 5.27007072933012 60.296164128300255 5.270049866237577 60.29599071268283 5.270058592306784 60.295900898127215 5.270039625585175 60.29578189847854 5.270050247863599 60.295746499886526 5.270033177478787 60.29568191620225 5.270043799721177 60.29564651761034 5.269990692648963 60.295398350600394 5.269951241323579 60.29528688252564 5.2699262046599324 60.295248847777756 5.269906479145651 60.29519311373657 5.269878787047836 60.29516392862783 5.269868924343172 60.29513606160554 5.269760812117562 60.29501047147814 5.26973577586227 60.29497243670504 5.269652700689552 60.294884881282734 5.268642553449445 60.29387846105998 5.267776220172983 60.29300026282055 5.267736015443036 60.29295205982889 5.26757974602219 60.29280481406915 5.267539541803359 60.29275661103073 </coordinates></gmlLineString></linearLineStringExtension></linearExtension></groupOfLocations><complianceOption>mandatory</complianceOption><roadOrCarriagewayOrLaneManagementType>roadClosed</roadOrCarriagewayOrLaneManagementType></situationRecord><situationRecord xsi:type="ConstructionWorks" version="1" id="NPRA_VL_103096_2" xmlns:xsi="http://www.w3.org/2001/XMLSchema-instance"><situationRecordCreationTime>2014-09-26T08:06:29+02:00</situationRecordCreationTime><situationRecordVersionTime>2014-09-26T08:06:29+02:00</situationRecordVersionTime><probabilityOfOccurrence>certain</probabilityOfOccurrence><validity><validityStatus>definedByValidityTimeSpec</validityStatus><validityTimeSpecification><overallStartTime>2014-09-26T07:14:00+02:00</overallStartTime><overallEndTime>2015-05-02T00:00:00+02:00</overallEndTime></validityTimeSpecification></validity><generalPublicComment><comment><values><value>Stengt på grunn av vegarbeid. Anbefalt omkjøring via Fv 173. Omkjøring via Kokstad.</value></values></comment><commentType>description</commentType></generalPublicComment><generalPublicComment><comment><values><value>Fv 556 Lønningsberget - Birkelandskrysset, på strekningen Hjellestad - Fjøsanger</value></values></comment><commentType>locationDescriptor</commentType></generalPublicComment><groupOfLocations xsi:type="Linear"><locationForDisplay><latitude>60.296715</latitude><longitude>5.2701263</longitude></locationForDisplay><locationExtension><locationExtension><roadNumber>F556</roadNumber><countyNumber>12</countyNumber><municipalityNumber>0</municipalityNumber></locationExtension></locationExtension><supplementaryPositionalDescription><affectedCarriagewayAndLanes><carriageway>mainCarriageway</carriageway><lane>allLanesCompleteCarriageway</lane></affectedCarriagewayAndLanes></supplementaryPositionalDescription><alertCLinear xsi:type="AlertCMethod4Linear"><alertCLocationCountryCode>F</alertCLocationCountryCode><alertCLocationTableNumber>49</alertCLocationTableNumber><alertCLocationTableVersion>4.6</alertCLocationTableVersion><alertCDirection><alertCDirectionCoded>both</alertCDirectionCoded></alertCDirection><alertCMethod4PrimaryPointLocation><alertCLocation><alertCLocationName><values><value lang="nob">Dolvik</value></values></alertCLocationName><specificLocation>17267</specificLocation></alertCLocation><offsetDistance><offsetDistance>1793</offsetDistance></offsetDistance></alertCMethod4PrimaryPointLocation><alertCMethod4SecondaryPointLocation><alertCLocation><alertCLocationName><values><value lang="nob">Birkelandskrysset</value></values></alertCLocationName><specificLocation>3301</specificLocation></alertCLocation><offsetDistance><offsetDistance>1429</offsetDistance></offsetDistance></alertCMethod4SecondaryPointLocation></alertCLinear><linearExtension><linearLineStringExtension><gmlLineString srsName="EPSG:4326"><coordinates>5.270595003627956 60.30091583061951 5.270759670870008 60.300367151807926 5.270763085583808 60.30029503648351 5.270805579174969 60.30015344189724 5.27081240823376 60.30000921124212 5.27083365473014 60.2999384139381 5.270857554994099 60.29943360663149 5.270840481755038 60.299369022953314 5.27084731016371 60.2992247922963 5.270818475360122 60.29907792561677 5.270821889536476 60.29900581029069 5.27071300229726 60.29851832591726 5.270680754145498 60.29844357455798 5.2706663372757685 60.298370141220516 5.270604497233471 60.29821178882892 5.270590080589848 60.298138355490686 5.270434155414258 60.29774689927883 5.27025661002138 60.29724529296527 5.27024485005529 60.29716300997065 5.270215259705177 60.297079408909504 5.2701864287524005 60.296932542223765 5.270154183050387 60.29685779080867 5.270110937263438 60.29663749078026 5.2700991777410024 60.296555207789716 5.270102592714643 60.296483092525214 5.270064658771446 60.29624509320951 5.27007072933012 60.296164128300255 5.270049866237577 60.29599071268283 5.270058592306784 60.295900898127215 5.270039625585175 60.29578189847854 5.270050247863599 60.295746499886526 5.270033177478787 60.29568191620225 5.270043799721177 60.29564651761034 5.269990692648963 60.295398350600394 5.269951241323579 60.29528688252564 5.2699262046599324 60.295248847777756 5.269906479145651 60.29519311373657 5.269878787047836 60.29516392862783 5.269868924343172 60.29513606160554 5.269760812117562 60.29501047147814 5.26973577586227 60.29497243670504 5.269652700689552 60.294884881282734 5.268642553449445 60.29387846105998 5.267776220172983 60.29300026282055 5.267736015443036 60.29295205982889 5.26757974602219 60.29280481406915 5.267539541803359 60.29275661103073 </coordinates></gmlLineString></linearLineStringExtension></linearExtension></groupOfLocations><constructionWorkType>roadImprovementOrUpgrading</constructionWorkType></situationRecord><situationRecord xsi:type="ReroutingManagement" version="1" id="NPRA_VL_103096_3" xmlns:xsi="http://www.w3.org/2001/XMLSchema-instance"><situationRecordCreationTime>2014-09-26T08:06:29+02:00</situationRecordCreationTime><situationRecordVersionTime>2014-09-26T08:06:29+02:00</situationRecordVersionTime><probabilityOfOccurrence>certain</probabilityOfOccurrence><validity><validityStatus>definedByValidityTimeSpec</validityStatus><validityTimeSpecification><overallStartTime>2014-09-26T07:14:00+02:00</overallStartTime><overallEndTime>2015-05-02T00:00:00+02:00</overallEndTime></validityTimeSpecification></validity><generalPublicComment><comment><values><value>Stengt på grunn av vegarbeid. Anbefalt omkjøring via Fv 173. Omkjøring via Kokstad.</value></values></comment><commentType>description</commentType></generalPublicComment><generalPublicComment><comment><values><value>Fv 556 Lønningsberget - Birkelandskrysset, på strekningen Hjellestad - Fjøsanger</value></values></comment><commentType>locationDescriptor</commentType></generalPublicComment><groupOfLocations xsi:type="Linear"><locationForDisplay><latitude>60.296715</latitude><longitude>5.2701263</longitude></locationForDisplay><locationExtension><locationExtension><roadNumber>F556</roadNumber><countyNumber>12</countyNumber><municipalityNumber>0</municipalityNumber></locationExtension></locationExtension><supplementaryPositionalDescription><affectedCarriagewayAndLanes><carriageway>mainCarriageway</carriageway><lane>allLanesCompleteCarriageway</lane></affectedCarriagewayAndLanes></supplementaryPositionalDescription><alertCLinear xsi:type="AlertCMethod4Linear"><alertCLocationCountryCode>F</alertCLocationCountryCode><alertCLocationTableNumber>49</alertCLocationTableNumber><alertCLocationTableVersion>4.6</alertCLocationTableVersion><alertCDirection><alertCDirectionCoded>both</alertCDirectionCoded></alertCDirection><alertCMethod4PrimaryPointLocation><alertCLocation><alertCLocationName><values><value lang="nob">Dolvik</value></values></alertCLocationName><specificLocation>17267</specificLocation></alertCLocation><offsetDistance><offsetDistance>1793</offsetDistance></offsetDistance></alertCMethod4PrimaryPointLocation><alertCMethod4SecondaryPointLocation><alertCLocation><alertCLocationName><values><value lang="nob">Birkelandskrysset</value></values></alertCLocationName><specificLocation>3301</specificLocation></alertCLocation><offsetDistance><offsetDistance>1429</offsetDistance></offsetDistance></alertCMethod4SecondaryPointLocation></alertCLinear><linearExtension><linearLineStringExtension><gmlLineString srsName="EPSG:4326"><coordinates>5.270595003627956 60.30091583061951 5.270759670870008 60.300367151807926 5.270763085583808 60.30029503648351 5.270805579174969 60.30015344189724 5.27081240823376 60.30000921124212 5.27083365473014 60.2999384139381 5.270857554994099 60.29943360663149 5.270840481755038 60.299369022953314 5.27084731016371 60.2992247922963 5.270818475360122 60.29907792561677 5.270821889536476 60.29900581029069 5.27071300229726 60.29851832591726 5.270680754145498 60.29844357455798 5.2706663372757685 60.298370141220516 5.270604497233471 60.29821178882892 5.270590080589848 60.298138355490686 5.270434155414258 60.29774689927883 5.27025661002138 60.29724529296527 5.27024485005529 60.29716300997065 5.270215259705177 60.297079408909504 5.2701864287524005 60.296932542223765 5.270154183050387 60.29685779080867 5.270110937263438 60.29663749078026 5.2700991777410024 60.296555207789716 5.270102592714643 60.296483092525214 5.270064658771446 60.29624509320951 5.27007072933012 60.296164128300255 5.270049866237577 60.29599071268283 5.270058592306784 60.295900898127215 5.270039625585175 60.29578189847854 5.270050247863599 60.295746499886526 5.270033177478787 60.29568191620225 5.270043799721177 60.29564651761034 5.269990692648963 60.295398350600394 5.269951241323579 60.29528688252564 5.2699262046599324 60.295248847777756 5.269906479145651 60.29519311373657 5.269878787047836 60.29516392862783 5.269868924343172 60.29513606160554 5.269760812117562 60.29501047147814 5.26973577586227 60.29497243670504 5.269652700689552 60.294884881282734 5.268642553449445 60.29387846105998 5.267776220172983 60.29300026282055 5.267736015443036 60.29295205982889 5.26757974602219 60.29280481406915 5.267539541803359 60.29275661103073 </coordinates></gmlLineString></linearLineStringExtension></linearExtension></groupOfLocations><complianceOption>advisory</complianceOption><reroutingManagementType>useIntersectionOrJunction</reroutingManagementType><roadOrJunctionNumber>Fv 173</roadOrJunctionNumber></situationRecord></situation>