<situation version="1" id="NPRA_VL_102713" xmlns="http://datex2.eu/schema/2/2_0"><overallSeverity>low</overallSeverity><headerInformation><confidentiality>noRestriction</confidentiality><informationStatus>test</informationStatus></headerInformation><situationRecord xsi:type="SpeedManagement" version="1" id="NPRA_VL_102713_1" xmlns:xsi="http://www.w3.org/2001/XMLSchema-instance"><situationRecordCreationTime>2014-09-19T14:03:45+02:00</situationRecordCreationTime><situationRecordVersionTime>2014-09-19T14:03:45+02:00</situationRecordVersionTime><probabilityOfOccurrence>certain</probabilityOfOccurrence><validity><validityStatus>definedByValidityTimeSpec</validityStatus><validityTimeSpecification><overallStartTime>2014-09-19T13:55:00+02:00</overallStartTime><overallEndTime>2015-01-01T00:00:00+01:00</overallEndTime></validityTimeSpecification></validity><generalPublicComment><comment><values><value>Nedsatt hastighet til 50 km/t på grunn av vegarbeid.</value></values></comment><commentType>description</commentType></generalPublicComment><generalPublicComment><comment><values><value>Fv 255 Massing - Ångstad, på strekningen Lillehammer - Vinstra</value></values></comment><commentType>locationDescriptor</commentType></generalPublicComment><groupOfLocations xsi:type="Linear"><locationForDisplay><latitude>61.58119</latitude><longitude>9.556896</longitude></locationForDisplay><locationExtension><locationExtension><roadNumber>F255</roadNumber><countyNumber>5</countyNumber></locationExtension></locationExtension><supplementaryPositionalDescription><affectedCarriagewayAndLanes><carriageway>mainCarriageway</carriageway><lane>allLanesCompleteCarriageway</lane></affectedCarriagewayAndLanes></supplementaryPositionalDescription><alertCLinear xsi:type="AlertCMethod4Linear"><alertCLocationCountryCode>F</alertCLocationCountryCode><alertCLocationTableNumber>49</alertCLocationTableNumber><alertCLocationTableVersion>4.6</alertCLocationTableVersion><alertCDirection><alertCDirectionCoded>both</alertCDirectionCoded></alertCDirection><alertCMethod4PrimaryPointLocation><alertCLocation><alertCLocationName><values><value lang="nob">Lomoen</value></values></alertCLocationName><specificLocation>1694</specificLocation></alertCLocation><offsetDistance><offsetDistance>11425</offsetDistance></offsetDistance></alertCMethod4PrimaryPointLocation><alertCMethod4SecondaryPointLocation><alertCLocation><alertCLocationName><values><value lang="nob">Skåbu</value></values></alertCLocationName><specificLocation>1693</specificLocation></alertCLocation><offsetDistance><offsetDistance>12751</offsetDistance></offsetDistance></alertCMethod4SecondaryPointLocation></alertCLinear><linearExtension><linearLineStringExtension><gmlLineString srsName="EPSG:4326"><coordinates>9.547388631580247 61.58228335990395 9.54828245588888 61.58224712633511 9.549027854908076 61.582195950316624 9.549237247958173 61.58218632728785 9.549448214373125 61.582167767408805 9.549718576212019 61.582133583913176 9.550332723316961 61.58207715119741 9.55043119088162 61.582054090719524 9.551217227367223 61.58198652918951 9.551254726508612 61.58198802861255 9.551601656050128 61.58194790360073 9.551889190588453 61.581923401972695 9.552851829254026 61.58181789458751 9.553197182645336 61.58178670205042 9.553717569841243 61.58172650670291 9.553986351386706 61.581701251239814 9.554431737913307 61.58163805578439 9.554980300962097 61.58152498520481 9.555289722160476 61.58148335230075 9.555808528975925 61.58143208548501 9.556139840589122 61.58137332645877 9.556475865179491 61.58128775671405 9.557086947567267 61.58114117790682 9.55738075534404 61.581080917990306 9.557672990968564 61.581029594078494 9.55831370684971 61.580929190553455 9.559901393345225 61.58070460415725 9.560310826534764 61.58063095547572 9.56087967038602 61.58050967246794 9.561503186765306 61.58039956863064 9.562236052819088 61.580311824518695 9.562542313740583 61.58028804834662 9.562948596574026 61.58023226505984 9.563198609631227 61.580206243109494 9.563470509776371 61.580163095241474 9.563489258627705 61.5801638432607 9.563723660356233 61.580119198838325 9.563983086870609 61.58003955497235 9.564181558534214 61.579984477093674 9.564362849803587 61.57991971427038 9.5645410023543 61.579872824706484 9.564756651748509 61.579827430592054 9.565159787251938 61.57978951411928 9.56535354906298 61.57976124478532 9.565977035394923 61.57965112013116 9.566130161411444 61.57963922787671 </coordinates></gmlLineString></linearLineStringExtension></linearExtension></groupOfLocations><complianceOption>mandatory</complianceOption><speedManagementType>speedRestrictionInOperation</speedManagementType><temporarySpeedLimit>50.0</temporarySpeedLimit></situationRecord><situationRecord xsi:type="ConstructionWorks" version="1" id="NPRA_VL_102713_2" xmlns:xsi="http://www.w3.org/2001/XMLSchema-instance"><situationRecordCreationTime>2014-09-19T14:03:45+02:00</situationRecordCreationTime><situationRecordVersionTime>2014-09-19T14:03:45+02:00</situationRecordVersionTime><probabilityOfOccurrence>certain</probabilityOfOccurrence><validity><validityStatus>definedByValidityTimeSpec</validityStatus><validityTimeSpecification><overallStartTime>2014-09-19T13:55:00+02:00</overallStartTime><overallEndTime>2015-01-01T00:00:00+01:00</overallEndTime></validityTimeSpecification></validity><generalPublicComment><comment><values><value>Nedsatt hastighet til 50 km/t på grunn av vegarbeid.</value></values></comment><commentType>description</commentType></generalPublicComment><generalPublicComment><comment><values><value>Fv 255 Massing - Ångstad, på strekningen Lillehammer - Vinstra</value></values></comment><commentType>locationDescriptor</commentType></generalPublicComment><groupOfLocations xsi:type="Linear"><locationForDisplay><latitude>61.58119</latitude><longitude>9.556896</longitude></locationForDisplay><locationExtension><locationExtension><roadNumber>F255</roadNumber><countyNumber>5</countyNumber></locationExtension></locationExtension><supplementaryPositionalDescription><affectedCarriagewayAndLanes><carriageway>mainCarriageway</carriageway><lane>allLanesCompleteCarriageway</lane></affectedCarriagewayAndLanes></supplementaryPositionalDescription><alertCLinear xsi:type="AlertCMethod4Linear"><alertCLocationCountryCode>F</alertCLocationCountryCode><alertCLocationTableNumber>49</alertCLocationTableNumber><alertCLocationTableVersion>4.6</alertCLocationTableVersion><alertCDirection><alertCDirectionCoded>both</alertCDirectionCoded></alertCDirection><alertCMethod4PrimaryPointLocation><alertCLocation><alertCLocationName><values><value lang="nob">Lomoen</value></values></alertCLocationName><specificLocation>1694</specificLocation></alertCLocation><offsetDistance><offsetDistance>11425</offsetDistance></offsetDistance></alertCMethod4PrimaryPointLocation><alertCMethod4SecondaryPointLocation><alertCLocation><alertCLocationName><values><value lang="nob">Skåbu</value></values></alertCLocationName><specificLocation>1693</specificLocation></alertCLocation><offsetDistance><offsetDistance>12751</offsetDistance></offsetDistance></alertCMethod4SecondaryPointLocation></alertCLinear><linearExtension><linearLineStringExtension><gmlLineString srsName="EPSG:4326"><coordinates>9.547388631580247 61.58228335990395 9.54828245588888 61.58224712633511 9.549027854908076 61.582195950316624 9.549237247958173 61.58218632728785 9.549448214373125 61.582167767408805 9.549718576212019 61.582133583913176 9.550332723316961 61.58207715119741 9.55043119088162 61.582054090719524 9.551217227367223 61.58198652918951 9.551254726508612 61.58198802861255 9.551601656050128 61.58194790360073 9.551889190588453 61.581923401972695 9.552851829254026 61.58181789458751 9.553197182645336 61.58178670205042 9.553717569841243 61.58172650670291 9.553986351386706 61.581701251239814 9.554431737913307 61.58163805578439 9.554980300962097 61.58152498520481 9.555289722160476 61.58148335230075 9.555808528975925 61.58143208548501 9.556139840589122 61.58137332645877 9.556475865179491 61.58128775671405 9.557086947567267 61.58114117790682 9.55738075534404 61.581080917990306 9.557672990968564 61.581029594078494 9.55831370684971 61.580929190553455 9.559901393345225 61.58070460415725 9.560310826534764 61.58063095547572 9.56087967038602 61.58050967246794 9.561503186765306 61.58039956863064 9.562236052819088 61.580311824518695 9.562542313740583 61.58028804834662 9.562948596574026 61.58023226505984 9.563198609631227 61.580206243109494 9.563470509776371 61.580163095241474 9.563489258627705 61.5801638432607 9.563723660356233 61.580119198838325 9.563983086870609 61.58003955497235 9.564181558534214 61.579984477093674 9.564362849803587 61.57991971427038 9.5645410023543 61.579872824706484 9.564756651748509 61.579827430592054 9.565159787251938 61.57978951411928 9.56535354906298 61.57976124478532 9.565977035394923 61.57965112013116 9.566130161411444 61.57963922787671 </coordinates></gmlLineString></linearLineStringExtension></linearExtension></groupOfLocations><constructionWorkType>roadImprovementOrUpgrading</constructionWorkType></situationRecord></situation>