<situation version="9" id="NPRA_VL_103118" xmlns="http://datex2.eu/schema/2/2_0"><overallSeverity>highest</overallSeverity><headerInformation><confidentiality>noRestriction</confidentiality><informationStatus>test</informationStatus></headerInformation><situationRecord xsi:type="RoadOrCarriagewayOrLaneManagement" version="9" id="NPRA_VL_103118_1" xmlns:xsi="http://www.w3.org/2001/XMLSchema-instance"><situationRecordCreationTime>2014-09-26T10:22:00+02:00</situationRecordCreationTime><situationRecordVersionTime>2015-02-09T15:54:57+01:00</situationRecordVersionTime><probabilityOfOccurrence>certain</probabilityOfOccurrence><validity><validityStatus>definedByValidityTimeSpec</validityStatus><validityTimeSpecification><overallStartTime>2015-02-09T21:00:00+01:00</overallStartTime><overallEndTime>2015-05-01T05:30:00+02:00</overallEndTime><validPeriod><recurringTimePeriodOfDay xsi:type="TimePeriodByHour"><startTimeOfPeriod>21:00:00</startTimeOfPeriod><endTimeOfPeriod>24:00:00</endTimeOfPeriod></recurringTimePeriodOfDay><recurringDayWeekMonthPeriod><applicableDay>monday</applicableDay><applicableDay>tuesday</applicableDay><applicableDay>wednesday</applicableDay><applicableDay>thursday</applicableDay><applicableDay>sunday</applicableDay></recurringDayWeekMonthPeriod></validPeriod><validPeriod><recurringTimePeriodOfDay xsi:type="TimePeriodByHour"><startTimeOfPeriod>00:00:00</startTimeOfPeriod><endTimeOfPeriod>05:30:00</endTimeOfPeriod></recurringTimePeriodOfDay><recurringDayWeekMonthPeriod><applicableDay>tuesday</applicableDay><applicableDay>wednesday</applicableDay><applicableDay>thursday</applicableDay><applicableDay>friday</applicableDay><applicableDay>monday</applicableDay></recurringDayWeekMonthPeriod></validPeriod></validityTimeSpecification></validity><generalPublicComment><comment><values><value>Stengt på grunn av vedlikeholdsarbeid i periodene: Mandag til torsdag og søndag fra 21:00 til 05:30 (neste dag). Omkjøring er skiltet. Arbeidet ventes avsluttet 01.05.2015.</value></values></comment><commentType>description</commentType></generalPublicComment><generalPublicComment><comment><values><value>Ev 6 Nordbytunnelen, på strekningen Oslo - Moss, i retning mot Moss</value></values></comment><commentType>locationDescriptor</commentType></generalPublicComment><groupOfLocations xsi:type="Linear"><locationForDisplay><latitude>59.724224</latitude><longitude>10.758481</longitude></locationForDisplay><locationExtension><locationExtension><roadNumber>E6</roadNumber><countyNumber>2</countyNumber><municipalityNumber>0</municipalityNumber></locationExtension></locationExtension><supplementaryPositionalDescription><affectedCarriagewayAndLanes><carriageway>mainCarriageway</carriageway><lane>allLanesCompleteCarriageway</lane></affectedCarriagewayAndLanes></supplementaryPositionalDescription><alertCLinear xsi:type="AlertCMethod4Linear"><alertCLocationCountryCode>F</alertCLocationCountryCode><alertCLocationTableNumber>49</alertCLocationTableNumber><alertCLocationTableVersion>4.6</alertCLocationTableVersion><alertCDirection><alertCDirectionCoded>negative</alertCDirectionCoded></alertCDirection><alertCMethod4PrimaryPointLocation><alertCLocation><alertCLocationName><values><value lang="nob">[20] Vassumkrysset</value></values></alertCLocationName><specificLocation>19323</specificLocation></alertCLocation><offsetDistance><offsetDistance>385</offsetDistance></offsetDistance></alertCMethod4PrimaryPointLocation><alertCMethod4SecondaryPointLocation><alertCLocation><alertCLocationName><values><value lang="nob">[21] Vinterbrokrysset</value></values></alertCLocationName><specificLocation>19324</specificLocation></alertCLocation><offsetDistance><offsetDistance>232</offsetDistance></offsetDistance></alertCMethod4SecondaryPointLocation></alertCLinear><linearExtension><linearLineStringExtension><gmlLineString srsName="EPSG:4326"><coordinates>10.738168091896238 59.71053141447315 10.73846617047913 59.71112557808778 10.738779084374539 59.71160332838169 10.739118854477843 59.71201001548242 10.73945002951645 59.71234448706318 10.73978691192361 59.71263418369279 10.740069999994638 59.712787253033525 10.740410312196937 59.71305008363933 10.740787220918975 59.71330511034232 10.741165275191022 59.713551181168334 10.741581066319453 59.713780492816696 10.742131833859528 59.71406813809587 10.742931413420433 59.71449873845579 10.74317907874588 59.71465065017525 10.748250913537744 59.717180084935784 10.74912042059369 59.71762190362266 10.749952218459983 59.718080477323234 10.750766310437482 59.718538471409396 10.751560421115025 59.71901379612937 10.75231795877481 59.71949692251284 10.753074381240731 59.71998899971558 10.753795366353314 59.72047992443761 10.754496369228205 59.72098818131477 10.755178526458552 59.72150481566463 10.75584183765461 59.72202982777584 10.774531643374742 59.73755962118442 10.77564587620197 59.73846770293006 10.775982197817061 59.73876626723934 10.776312101355044 59.73897470727899 </coordinates></gmlLineString></linearLineStringExtension></linearExtension></groupOfLocations><complianceOption>mandatory</complianceOption><roadOrCarriagewayOrLaneManagementType>roadClosed</roadOrCarriagewayOrLaneManagementType></situationRecord><situationRecord xsi:type="MaintenanceWorks" version="9" id="NPRA_VL_103118_2" xmlns:xsi="http://www.w3.org/2001/XMLSchema-instance"><situationRecordCreationTime>2014-09-26T10:22:00+02:00</situationRecordCreationTime><situationRecordVersionTime>2015-02-09T15:54:57+01:00</situationRecordVersionTime><probabilityOfOccurrence>certain</probabilityOfOccurrence><validity><validityStatus>definedByValidityTimeSpec</validityStatus><validityTimeSpecification><overallStartTime>2015-02-09T21:00:00+01:00</overallStartTime><overallEndTime>2015-05-01T05:30:00+02:00</overallEndTime><validPeriod><recurringTimePeriodOfDay xsi:type="TimePeriodByHour"><startTimeOfPeriod>21:00:00</startTimeOfPeriod><endTimeOfPeriod>24:00:00</endTimeOfPeriod></recurringTimePeriodOfDay><recurringDayWeekMonthPeriod><applicableDay>monday</applicableDay><applicableDay>tuesday</applicableDay><applicableDay>wednesday</applicableDay><applicableDay>thursday</applicableDay><applicableDay>sunday</applicableDay></recurringDayWeekMonthPeriod></validPeriod><validPeriod><recurringTimePeriodOfDay xsi:type="TimePeriodByHour"><startTimeOfPeriod>00:00:00</startTimeOfPeriod><endTimeOfPeriod>05:30:00</endTimeOfPeriod></recurringTimePeriodOfDay><recurringDayWeekMonthPeriod><applicableDay>tuesday</applicableDay><applicableDay>wednesday</applicableDay><applicableDay>thursday</applicableDay><applicableDay>friday</applicableDay><applicableDay>monday</applicableDay></recurringDayWeekMonthPeriod></validPeriod></validityTimeSpecification></validity><generalPublicComment><comment><values><value>Stengt på grunn av vedlikeholdsarbeid i periodene: Mandag til torsdag og søndag fra 21:00 til 05:30 (neste dag). Omkjøring er skiltet. Arbeidet ventes avsluttet 01.05.2015.</value></values></comment><commentType>description</commentType></generalPublicComment><generalPublicComment><comment><values><value>Ev 6 Nordbytunnelen, på strekningen Oslo - Moss, i retning mot Moss</value></values></comment><commentType>locationDescriptor</commentType></generalPublicComment><groupOfLocations xsi:type="Linear"><locationForDisplay><latitude>59.724224</latitude><longitude>10.758481</longitude></locationForDisplay><locationExtension><locationExtension><roadNumber>E6</roadNumber><countyNumber>2</countyNumber><municipalityNumber>0</municipalityNumber></locationExtension></locationExtension><supplementaryPositionalDescription><affectedCarriagewayAndLanes><carriageway>mainCarriageway</carriageway><lane>allLanesCompleteCarriageway</lane></affectedCarriagewayAndLanes></supplementaryPositionalDescription><alertCLinear xsi:type="AlertCMethod4Linear"><alertCLocationCountryCode>F</alertCLocationCountryCode><alertCLocationTableNumber>49</alertCLocationTableNumber><alertCLocationTableVersion>4.6</alertCLocationTableVersion><alertCDirection><alertCDirectionCoded>negative</alertCDirectionCoded></alertCDirection><alertCMethod4PrimaryPointLocation><alertCLocation><alertCLocationName><values><value lang="nob">[20] Vassumkrysset</value></values></alertCLocationName><specificLocation>19323</specificLocation></alertCLocation><offsetDistance><offsetDistance>385</offsetDistance></offsetDistance></alertCMethod4PrimaryPointLocation><alertCMethod4SecondaryPointLocation><alertCLocation><alertCLocationName><values><value lang="nob">[21] Vinterbrokrysset</value></values></alertCLocationName><specificLocation>19324</specificLocation></alertCLocation><offsetDistance><offsetDistance>232</offsetDistance></offsetDistance></alertCMethod4SecondaryPointLocation></alertCLinear><linearExtension><linearLineStringExtension><gmlLineString srsName="EPSG:4326"><coordinates>10.738168091896238 59.71053141447315 10.73846617047913 59.71112557808778 10.738779084374539 59.71160332838169 10.739118854477843 59.71201001548242 10.73945002951645 59.71234448706318 10.73978691192361 59.71263418369279 10.740069999994638 59.712787253033525 10.740410312196937 59.71305008363933 10.740787220918975 59.71330511034232 10.741165275191022 59.713551181168334 10.741581066319453 59.713780492816696 10.742131833859528 59.71406813809587 10.742931413420433 59.71449873845579 10.74317907874588 59.71465065017525 10.748250913537744 59.717180084935784 10.74912042059369 59.71762190362266 10.749952218459983 59.718080477323234 10.750766310437482 59.718538471409396 10.751560421115025 59.71901379612937 10.75231795877481 59.71949692251284 10.753074381240731 59.71998899971558 10.753795366353314 59.72047992443761 10.754496369228205 59.72098818131477 10.755178526458552 59.72150481566463 10.75584183765461 59.72202982777584 10.774531643374742 59.73755962118442 10.77564587620197 59.73846770293006 10.775982197817061 59.73876626723934 10.776312101355044 59.73897470727899 </coordinates></gmlLineString></linearLineStringExtension></linearExtension></groupOfLocations><roadMaintenanceType>maintenanceWork</roadMaintenanceType></situationRecord><situationRecord xsi:type="ReroutingManagement" version="9" id="NPRA_VL_103118_3" xmlns:xsi="http://www.w3.org/2001/XMLSchema-instance"><situationRecordCreationTime>2014-09-26T10:22:00+02:00</situationRecordCreationTime><situationRecordVersionTime>2015-02-09T15:54:57+01:00</situationRecordVersionTime><probabilityOfOccurrence>certain</probabilityOfOccurrence><validity><validityStatus>definedByValidityTimeSpec</validityStatus><validityTimeSpecification><overallStartTime>2015-02-09T21:00:00+01:00</overallStartTime><overallEndTime>2015-05-01T05:30:00+02:00</overallEndTime><validPeriod><recurringTimePeriodOfDay xsi:type="TimePeriodByHour"><startTimeOfPeriod>21:00:00</startTimeOfPeriod><endTimeOfPeriod>24:00:00</endTimeOfPeriod></recurringTimePeriodOfDay><recurringDayWeekMonthPeriod><applicableDay>monday</applicableDay><applicableDay>tuesday</applicableDay><applicableDay>wednesday</applicableDay><applicableDay>thursday</applicableDay><applicableDay>sunday</applicableDay></recurringDayWeekMonthPeriod></validPeriod><validPeriod><recurringTimePeriodOfDay xsi:type="TimePeriodByHour"><startTimeOfPeriod>00:00:00</startTimeOfPeriod><endTimeOfPeriod>05:30:00</endTimeOfPeriod></recurringTimePeriodOfDay><recurringDayWeekMonthPeriod><applicableDay>tuesday</applicableDay><applicableDay>wednesday</applicableDay><applicableDay>thursday</applicableDay><applicableDay>friday</applicableDay><applicableDay>monday</applicableDay></recurringDayWeekMonthPeriod></validPeriod></validityTimeSpecification></validity><generalPublicComment><comment><values><value>Stengt på grunn av vedlikeholdsarbeid i periodene: Mandag til torsdag og søndag fra 21:00 til 05:30 (neste dag). Omkjøring er skiltet. Arbeidet ventes avsluttet 01.05.2015.</value></values></comment><commentType>description</commentType></generalPublicComment><generalPublicComment><comment><values><value>Ev 6 Nordbytunnelen, på strekningen Oslo - Moss, i retning mot Moss</value></values></comment><commentType>locationDescriptor</commentType></generalPublicComment><groupOfLocations xsi:type="Linear"><locationForDisplay><latitude>59.724224</latitude><longitude>10.758481</longitude></locationForDisplay><locationExtension><locationExtension><roadNumber>E6</roadNumber><countyNumber>2</countyNumber><municipalityNumber>0</municipalityNumber></locationExtension></locationExtension><supplementaryPositionalDescription><affectedCarriagewayAndLanes><carriageway>mainCarriageway</carriageway><lane>allLanesCompleteCarriageway</lane></affectedCarriagewayAndLanes></supplementaryPositionalDescription><alertCLinear xsi:type="AlertCMethod4Linear"><alertCLocationCountryCode>F</alertCLocationCountryCode><alertCLocationTableNumber>49</alertCLocationTableNumber><alertCLocationTableVersion>4.6</alertCLocationTableVersion><alertCDirection><alertCDirectionCoded>negative</alertCDirectionCoded></alertCDirection><alertCMethod4PrimaryPointLocation><alertCLocation><alertCLocationName><values><value lang="nob">[20] Vassumkrysset</value></values></alertCLocationName><specificLocation>19323</specificLocation></alertCLocation><offsetDistance><offsetDistance>385</offsetDistance></offsetDistance></alertCMethod4PrimaryPointLocation><alertCMethod4SecondaryPointLocation><alertCLocation><alertCLocationName><values><value lang="nob">[21] Vinterbrokrysset</value></values></alertCLocationName><specificLocation>19324</specificLocation></alertCLocation><offsetDistance><offsetDistance>232</offsetDistance></offsetDistance></alertCMethod4SecondaryPointLocation></alertCLinear><linearExtension><linearLineStringExtension><gmlLineString srsName="EPSG:4326"><coordinates>10.738168091896238 59.71053141447315 10.73846617047913 59.71112557808778 10.738779084374539 59.71160332838169 10.739118854477843 59.71201001548242 10.73945002951645 59.71234448706318 10.73978691192361 59.71263418369279 10.740069999994638 59.712787253033525 10.740410312196937 59.71305008363933 10.740787220918975 59.71330511034232 10.741165275191022 59.713551181168334 10.741581066319453 59.713780492816696 10.742131833859528 59.71406813809587 10.742931413420433 59.71449873845579 10.74317907874588 59.71465065017525 10.748250913537744 59.717180084935784 10.74912042059369 59.71762190362266 10.749952218459983 59.718080477323234 10.750766310437482 59.718538471409396 10.751560421115025 59.71901379612937 10.75231795877481 59.71949692251284 10.753074381240731 59.71998899971558 10.753795366353314 59.72047992443761 10.754496369228205 59.72098818131477 10.755178526458552 59.72150481566463 10.75584183765461 59.72202982777584 10.774531643374742 59.73755962118442 10.77564587620197 59.73846770293006 10.775982197817061 59.73876626723934 10.776312101355044 59.73897470727899 </coordinates></gmlLineString></linearLineStringExtension></linearExtension></groupOfLocations><complianceOption>advisory</complianceOption><reroutingManagementType>followDiversionSigns</reroutingManagementType></situationRecord></situation>