<situation version="1" id="NPRA_VL_102339" xmlns="http://datex2.eu/schema/2/2_0"><overallSeverity>high</overallSeverity><headerInformation><confidentiality>noRestriction</confidentiality><informationStatus>test</informationStatus></headerInformation><situationRecord xsi:type="RoadOrCarriagewayOrLaneManagement" version="1" id="NPRA_VL_102339_1" xmlns:xsi="http://www.w3.org/2001/XMLSchema-instance"><situationRecordCreationTime>2014-09-15T07:34:44+02:00</situationRecordCreationTime><situationRecordVersionTime>2014-09-15T07:34:44+02:00</situationRecordVersionTime><probabilityOfOccurrence>certain</probabilityOfOccurrence><validity><validityStatus>definedByValidityTimeSpec</validityStatus><validityTimeSpecification><overallStartTime>2014-09-15T07:30:00+02:00</overallStartTime><overallEndTime>2015-01-01T00:00:00+01:00</overallEndTime></validityTimeSpecification></validity><generalPublicComment><comment><values><value>Redusert framkommelighet på grunn av vegarbeid.</value></values></comment><commentType>description</commentType></generalPublicComment><generalPublicComment><comment><values><value>Rv 111 Statsm Torps V ved Navestadveien, i Sarpsborg kommune</value></values></comment><commentType>locationDescriptor</commentType></generalPublicComment><groupOfLocations xsi:type="Point"><locationForDisplay><latitude>59.26551</latitude><longitude>11.120921</longitude></locationForDisplay><locationExtension><locationExtension><roadNumber>R111</roadNumber><countyNumber>1</countyNumber></locationExtension></locationExtension><supplementaryPositionalDescription><affectedCarriagewayAndLanes><carriageway>mainCarriageway</carriageway><lane>allLanesCompleteCarriageway</lane></affectedCarriagewayAndLanes></supplementaryPositionalDescription><alertCPoint xsi:type="AlertCMethod4Point"><alertCLocationCountryCode>F</alertCLocationCountryCode><alertCLocationTableNumber>49</alertCLocationTableNumber><alertCLocationTableVersion>4.6</alertCLocationTableVersion><alertCDirection><alertCDirectionCoded>both</alertCDirectionCoded></alertCDirection><alertCMethod4PrimaryPointLocation><alertCLocation><alertCLocationName><values><value lang="nob">Hafslund</value></values></alertCLocationName><specificLocation>1015</specificLocation></alertCLocation><offsetDistance><offsetDistance>1400</offsetDistance></offsetDistance></alertCMethod4PrimaryPointLocation></alertCPoint><pointByCoordinates><pointCoordinates><latitude>59.26551</latitude><longitude>11.120921</longitude></pointCoordinates></pointByCoordinates></groupOfLocations><complianceOption>mandatory</complianceOption><roadOrCarriagewayOrLaneManagementType>other</roadOrCarriagewayOrLaneManagementType></situationRecord><situationRecord xsi:type="ConstructionWorks" version="1" id="NPRA_VL_102339_2" xmlns:xsi="http://www.w3.org/2001/XMLSchema-instance"><situationRecordCreationTime>2014-09-15T07:34:44+02:00</situationRecordCreationTime><situationRecordVersionTime>2014-09-15T07:34:44+02:00</situationRecordVersionTime><probabilityOfOccurrence>certain</probabilityOfOccurrence><validity><validityStatus>definedByValidityTimeSpec</validityStatus><validityTimeSpecification><overallStartTime>2014-09-15T07:30:00+02:00</overallStartTime><overallEndTime>2015-01-01T00:00:00+01:00</overallEndTime></validityTimeSpecification></validity><generalPublicComment><comment><values><value>Redusert framkommelighet på grunn av vegarbeid.</value></values></comment><commentType>description</commentType></generalPublicComment><generalPublicComment><comment><values><value>Rv 111 Statsm Torps V ved Navestadveien, i Sarpsborg kommune</value></values></comment><commentType>locationDescriptor</commentType></generalPublicComment><groupOfLocations xsi:type="Point"><locationForDisplay><latitude>59.26551</latitude><longitude>11.120921</longitude></locationForDisplay><locationExtension><locationExtension><roadNumber>R111</roadNumber><countyNumber>1</countyNumber></locationExtension></locationExtension><supplementaryPositionalDescription><affectedCarriagewayAndLanes><carriageway>mainCarriageway</carriageway><lane>allLanesCompleteCarriageway</lane></affectedCarriagewayAndLanes></supplementaryPositionalDescription><alertCPoint xsi:type="AlertCMethod4Point"><alertCLocationCountryCode>F</alertCLocationCountryCode><alertCLocationTableNumber>49</alertCLocationTableNumber><alertCLocationTableVersion>4.6</alertCLocationTableVersion><alertCDirection><alertCDirectionCoded>both</alertCDirectionCoded></alertCDirection><alertCMethod4PrimaryPointLocation><alertCLocation><alertCLocationName><values><value lang="nob">Hafslund</value></values></alertCLocationName><specificLocation>1015</specificLocation></alertCLocation><offsetDistance><offsetDistance>1400</offsetDistance></offsetDistance></alertCMethod4PrimaryPointLocation></alertCPoint><pointByCoordinates><pointCoordinates><latitude>59.26551</latitude><longitude>11.120921</longitude></pointCoordinates></pointByCoordinates></groupOfLocations><constructionWorkType>roadImprovementOrUpgrading</constructionWorkType></situationRecord></situation>