<situation version="1" id="NPRA_VL_103201" xmlns="http://datex2.eu/schema/2/2_0"><overallSeverity>low</overallSeverity><headerInformation><confidentiality>noRestriction</confidentiality><informationStatus>test</informationStatus></headerInformation><situationRecord xsi:type="RoadOrCarriagewayOrLaneManagement" version="1" id="NPRA_VL_103201_1" xmlns:xsi="http://www.w3.org/2001/XMLSchema-instance"><situationRecordCreationTime>2014-09-26T21:46:19+02:00</situationRecordCreationTime><situationRecordVersionTime>2014-09-26T21:46:19+02:00</situationRecordVersionTime><probabilityOfOccurrence>certain</probabilityOfOccurrence><validity><validityStatus>definedByValidityTimeSpec</validityStatus><validityTimeSpecification><overallStartTime>2014-09-26T21:44:00+02:00</overallStartTime><overallEndTime>2015-01-15T23:59:00+01:00</overallEndTime></validityTimeSpecification></validity><generalPublicComment><comment><values><value>Stengt på grunn av vegarbeid. Omkjøring er skiltet.</value></values></comment><commentType>description</commentType></generalPublicComment><generalPublicComment><comment><values><value>Fv 103 Risøya bru, på strekningen Gjeving - Risøya</value></values></comment><commentType>locationDescriptor</commentType></generalPublicComment><groupOfLocations xsi:type="Linear"><locationForDisplay><latitude>58.65163</latitude><longitude>9.1403055</longitude></locationForDisplay><locationExtension><locationExtension><roadNumber>F103</roadNumber><countyNumber>9</countyNumber><municipalityNumber>0</municipalityNumber></locationExtension></locationExtension><supplementaryPositionalDescription><affectedCarriagewayAndLanes><carriageway>mainCarriageway</carriageway><lane>allLanesCompleteCarriageway</lane></affectedCarriagewayAndLanes></supplementaryPositionalDescription><alertCLinear xsi:type="AlertCMethod4Linear"><alertCLocationCountryCode>F</alertCLocationCountryCode><alertCLocationTableNumber>49</alertCLocationTableNumber><alertCLocationTableVersion>4.6</alertCLocationTableVersion><alertCDirection><alertCDirectionCoded>both</alertCDirectionCoded></alertCDirection><alertCMethod4PrimaryPointLocation><alertCLocation><alertCLocationName><values><value lang="nob">Risøya</value></values></alertCLocationName><specificLocation>15694</specificLocation></alertCLocation><offsetDistance><offsetDistance>88</offsetDistance></offsetDistance></alertCMethod4PrimaryPointLocation><alertCMethod4SecondaryPointLocation><alertCLocation><alertCLocationName><values><value lang="nob">Gjeving</value></values></alertCLocationName><specificLocation>15693</specificLocation></alertCLocation><offsetDistance><offsetDistance>1079</offsetDistance></offsetDistance></alertCMethod4SecondaryPointLocation></alertCLinear><linearExtension><linearLineStringExtension><gmlLineString srsName="EPSG:4326"><coordinates>9.139882566403655 58.65134884099277 9.140098511441288 58.65150275125923 9.140178210802219 58.65154240339153 9.140223626559113 58.65158048933974 9.140598975240943 58.65181370290304 9.140628752144186 58.65184207150885 9.14073822992881 58.651910091916776 </coordinates></gmlLineString></linearLineStringExtension></linearExtension></groupOfLocations><complianceOption>mandatory</complianceOption><roadOrCarriagewayOrLaneManagementType>roadClosed</roadOrCarriagewayOrLaneManagementType></situationRecord><situationRecord xsi:type="ConstructionWorks" version="1" id="NPRA_VL_103201_2" xmlns:xsi="http://www.w3.org/2001/XMLSchema-instance"><situationRecordCreationTime>2014-09-26T21:46:19+02:00</situationRecordCreationTime><situationRecordVersionTime>2014-09-26T21:46:19+02:00</situationRecordVersionTime><probabilityOfOccurrence>certain</probabilityOfOccurrence><validity><validityStatus>definedByValidityTimeSpec</validityStatus><validityTimeSpecification><overallStartTime>2014-09-26T21:44:00+02:00</overallStartTime><overallEndTime>2015-01-15T23:59:00+01:00</overallEndTime></validityTimeSpecification></validity><generalPublicComment><comment><values><value>Stengt på grunn av vegarbeid. Omkjøring er skiltet.</value></values></comment><commentType>description</commentType></generalPublicComment><generalPublicComment><comment><values><value>Fv 103 Risøya bru, på strekningen Gjeving - Risøya</value></values></comment><commentType>locationDescriptor</commentType></generalPublicComment><groupOfLocations xsi:type="Linear"><locationForDisplay><latitude>58.65163</latitude><longitude>9.1403055</longitude></locationForDisplay><locationExtension><locationExtension><roadNumber>F103</roadNumber><countyNumber>9</countyNumber><municipalityNumber>0</municipalityNumber></locationExtension></locationExtension><supplementaryPositionalDescription><affectedCarriagewayAndLanes><carriageway>mainCarriageway</carriageway><lane>allLanesCompleteCarriageway</lane></affectedCarriagewayAndLanes></supplementaryPositionalDescription><alertCLinear xsi:type="AlertCMethod4Linear"><alertCLocationCountryCode>F</alertCLocationCountryCode><alertCLocationTableNumber>49</alertCLocationTableNumber><alertCLocationTableVersion>4.6</alertCLocationTableVersion><alertCDirection><alertCDirectionCoded>both</alertCDirectionCoded></alertCDirection><alertCMethod4PrimaryPointLocation><alertCLocation><alertCLocationName><values><value lang="nob">Risøya</value></values></alertCLocationName><specificLocation>15694</specificLocation></alertCLocation><offsetDistance><offsetDistance>88</offsetDistance></offsetDistance></alertCMethod4PrimaryPointLocation><alertCMethod4SecondaryPointLocation><alertCLocation><alertCLocationName><values><value lang="nob">Gjeving</value></values></alertCLocationName><specificLocation>15693</specificLocation></alertCLocation><offsetDistance><offsetDistance>1079</offsetDistance></offsetDistance></alertCMethod4SecondaryPointLocation></alertCLinear><linearExtension><linearLineStringExtension><gmlLineString srsName="EPSG:4326"><coordinates>9.139882566403655 58.65134884099277 9.140098511441288 58.65150275125923 9.140178210802219 58.65154240339153 9.140223626559113 58.65158048933974 9.140598975240943 58.65181370290304 9.140628752144186 58.65184207150885 9.14073822992881 58.651910091916776 </coordinates></gmlLineString></linearLineStringExtension></linearExtension></groupOfLocations><constructionWorkType>roadImprovementOrUpgrading</constructionWorkType></situationRecord><situationRecord xsi:type="ReroutingManagement" version="1" id="NPRA_VL_103201_3" xmlns:xsi="http://www.w3.org/2001/XMLSchema-instance"><situationRecordCreationTime>2014-09-26T21:46:19+02:00</situationRecordCreationTime><situationRecordVersionTime>2014-09-26T21:46:19+02:00</situationRecordVersionTime><probabilityOfOccurrence>certain</probabilityOfOccurrence><validity><validityStatus>definedByValidityTimeSpec</validityStatus><validityTimeSpecification><overallStartTime>2014-09-26T21:44:00+02:00</overallStartTime><overallEndTime>2015-01-15T23:59:00+01:00</overallEndTime></validityTimeSpecification></validity><generalPublicComment><comment><values><value>Stengt på grunn av vegarbeid. Omkjøring er skiltet.</value></values></comment><commentType>description</commentType></generalPublicComment><generalPublicComment><comment><values><value>Fv 103 Risøya bru, på strekningen Gjeving - Risøya</value></values></comment><commentType>locationDescriptor</commentType></generalPublicComment><groupOfLocations xsi:type="Linear"><locationForDisplay><latitude>58.65163</latitude><longitude>9.1403055</longitude></locationForDisplay><locationExtension><locationExtension><roadNumber>F103</roadNumber><countyNumber>9</countyNumber><municipalityNumber>0</municipalityNumber></locationExtension></locationExtension><supplementaryPositionalDescription><affectedCarriagewayAndLanes><carriageway>mainCarriageway</carriageway><lane>allLanesCompleteCarriageway</lane></affectedCarriagewayAndLanes></supplementaryPositionalDescription><alertCLinear xsi:type="AlertCMethod4Linear"><alertCLocationCountryCode>F</alertCLocationCountryCode><alertCLocationTableNumber>49</alertCLocationTableNumber><alertCLocationTableVersion>4.6</alertCLocationTableVersion><alertCDirection><alertCDirectionCoded>both</alertCDirectionCoded></alertCDirection><alertCMethod4PrimaryPointLocation><alertCLocation><alertCLocationName><values><value lang="nob">Risøya</value></values></alertCLocationName><specificLocation>15694</specificLocation></alertCLocation><offsetDistance><offsetDistance>88</offsetDistance></offsetDistance></alertCMethod4PrimaryPointLocation><alertCMethod4SecondaryPointLocation><alertCLocation><alertCLocationName><values><value lang="nob">Gjeving</value></values></alertCLocationName><specificLocation>15693</specificLocation></alertCLocation><offsetDistance><offsetDistance>1079</offsetDistance></offsetDistance></alertCMethod4SecondaryPointLocation></alertCLinear><linearExtension><linearLineStringExtension><gmlLineString srsName="EPSG:4326"><coordinates>9.139882566403655 58.65134884099277 9.140098511441288 58.65150275125923 9.140178210802219 58.65154240339153 9.140223626559113 58.65158048933974 9.140598975240943 58.65181370290304 9.140628752144186 58.65184207150885 9.14073822992881 58.651910091916776 </coordinates></gmlLineString></linearLineStringExtension></linearExtension></groupOfLocations><complianceOption>advisory</complianceOption><reroutingManagementType>followDiversionSigns</reroutingManagementType></situationRecord></situation>