<situation version="2" id="NPRA_VL_103214" xmlns="http://datex2.eu/schema/2/2_0"><overallSeverity>low</overallSeverity><headerInformation><confidentiality>noRestriction</confidentiality><informationStatus>test</informationStatus></headerInformation><situationRecord xsi:type="RoadOrCarriagewayOrLaneManagement" version="2" id="NPRA_VL_103214_1" xmlns:xsi="http://www.w3.org/2001/XMLSchema-instance"><situationRecordCreationTime>2014-09-27T06:56:49+02:00</situationRecordCreationTime><situationRecordVersionTime>2014-09-27T06:57:22+02:00</situationRecordVersionTime><probabilityOfOccurrence>certain</probabilityOfOccurrence><validity><validityStatus>definedByValidityTimeSpec</validityStatus><validityTimeSpecification><overallStartTime>2014-09-27T06:57:00+02:00</overallStartTime></validityTimeSpecification></validity><generalPublicComment><comment><values><value>Stengt for kjøretøy med totalvekt over 7,5 tonn på grunn av vedlikeholdsarbeid. Lokal omkjøring.</value></values></comment><commentType>description</commentType></generalPublicComment><generalPublicComment><comment><values><value>Fv 108 Kråkerøy bru, på strekningen Kråkerøyvn - St. Croix</value></values></comment><commentType>locationDescriptor</commentType></generalPublicComment><groupOfLocations xsi:type="Linear"><locationForDisplay><latitude>59.207924</latitude><longitude>10.937868</longitude></locationForDisplay><locationExtension><locationExtension><roadNumber>F108</roadNumber><countyNumber>1</countyNumber><municipalityNumber>0</municipalityNumber></locationExtension></locationExtension><supplementaryPositionalDescription><affectedCarriagewayAndLanes><carriageway>mainCarriageway</carriageway><lane>allLanesCompleteCarriageway</lane></affectedCarriagewayAndLanes></supplementaryPositionalDescription><alertCLinear xsi:type="AlertCMethod4Linear"><alertCLocationCountryCode>F</alertCLocationCountryCode><alertCLocationTableNumber>49</alertCLocationTableNumber><alertCLocationTableVersion>4.6</alertCLocationTableVersion><alertCDirection><alertCDirectionCoded>both</alertCDirectionCoded></alertCDirection><alertCMethod4PrimaryPointLocation><alertCLocation><alertCLocationName><values><value lang="nob">Kråkerøy bru (arm/rampe)</value></values></alertCLocationName><specificLocation>20289</specificLocation></alertCLocation><offsetDistance><offsetDistance>0</offsetDistance></offsetDistance></alertCMethod4PrimaryPointLocation><alertCMethod4SecondaryPointLocation><alertCLocation><alertCLocationName><values><value lang="nob">Kråkerøyveien (arm/rampe)</value></values></alertCLocationName><specificLocation>20288</specificLocation></alertCLocation><offsetDistance><offsetDistance>55</offsetDistance></offsetDistance></alertCMethod4SecondaryPointLocation></alertCLinear><linearExtension><linearLineStringExtension><gmlLineString srsName="EPSG:4326"><coordinates>10.937429332519939 59.20716026763048 10.937441471090056 59.20720560306625 10.937467230069199 59.20743118718245 10.937484697227585 59.20743173370729 10.937538580721379 59.20756828651571 10.937595661639987 59.2076779659571 10.93772048100671 59.207807746937085 10.937832096361113 59.20790115018751 10.938094526124848 59.20805321816477 10.938368678612445 59.20810674994146 10.93855869052592 59.20813067588084 10.93891805157519 59.20820485398999 10.939280609985271 59.20825215772048 </coordinates></gmlLineString></linearLineStringExtension></linearExtension></groupOfLocations><complianceOption>mandatory</complianceOption><forVehiclesWithCharacteristicsOf><grossWeightCharacteristic><comparisonOperator>greaterThan</comparisonOperator><grossVehicleWeight>7.5</grossVehicleWeight></grossWeightCharacteristic></forVehiclesWithCharacteristicsOf><roadOrCarriagewayOrLaneManagementType>roadClosed</roadOrCarriagewayOrLaneManagementType></situationRecord><situationRecord xsi:type="MaintenanceWorks" version="2" id="NPRA_VL_103214_2" xmlns:xsi="http://www.w3.org/2001/XMLSchema-instance"><situationRecordCreationTime>2014-09-27T06:56:49+02:00</situationRecordCreationTime><situationRecordVersionTime>2014-09-27T06:57:22+02:00</situationRecordVersionTime><probabilityOfOccurrence>certain</probabilityOfOccurrence><validity><validityStatus>definedByValidityTimeSpec</validityStatus><validityTimeSpecification><overallStartTime>2014-09-27T06:57:00+02:00</overallStartTime></validityTimeSpecification></validity><generalPublicComment><comment><values><value>Stengt for kjøretøy med totalvekt over 7,5 tonn på grunn av vedlikeholdsarbeid. Lokal omkjøring.</value></values></comment><commentType>description</commentType></generalPublicComment><generalPublicComment><comment><values><value>Fv 108 Kråkerøy bru, på strekningen Kråkerøyvn - St. Croix</value></values></comment><commentType>locationDescriptor</commentType></generalPublicComment><groupOfLocations xsi:type="Linear"><locationForDisplay><latitude>59.207924</latitude><longitude>10.937868</longitude></locationForDisplay><locationExtension><locationExtension><roadNumber>F108</roadNumber><countyNumber>1</countyNumber><municipalityNumber>0</municipalityNumber></locationExtension></locationExtension><supplementaryPositionalDescription><affectedCarriagewayAndLanes><carriageway>mainCarriageway</carriageway><lane>allLanesCompleteCarriageway</lane></affectedCarriagewayAndLanes></supplementaryPositionalDescription><alertCLinear xsi:type="AlertCMethod4Linear"><alertCLocationCountryCode>F</alertCLocationCountryCode><alertCLocationTableNumber>49</alertCLocationTableNumber><alertCLocationTableVersion>4.6</alertCLocationTableVersion><alertCDirection><alertCDirectionCoded>both</alertCDirectionCoded></alertCDirection><alertCMethod4PrimaryPointLocation><alertCLocation><alertCLocationName><values><value lang="nob">Kråkerøy bru (arm/rampe)</value></values></alertCLocationName><specificLocation>20289</specificLocation></alertCLocation><offsetDistance><offsetDistance>0</offsetDistance></offsetDistance></alertCMethod4PrimaryPointLocation><alertCMethod4SecondaryPointLocation><alertCLocation><alertCLocationName><values><value lang="nob">Kråkerøyveien (arm/rampe)</value></values></alertCLocationName><specificLocation>20288</specificLocation></alertCLocation><offsetDistance><offsetDistance>55</offsetDistance></offsetDistance></alertCMethod4SecondaryPointLocation></alertCLinear><linearExtension><linearLineStringExtension><gmlLineString srsName="EPSG:4326"><coordinates>10.937429332519939 59.20716026763048 10.937441471090056 59.20720560306625 10.937467230069199 59.20743118718245 10.937484697227585 59.20743173370729 10.937538580721379 59.20756828651571 10.937595661639987 59.2076779659571 10.93772048100671 59.207807746937085 10.937832096361113 59.20790115018751 10.938094526124848 59.20805321816477 10.938368678612445 59.20810674994146 10.93855869052592 59.20813067588084 10.93891805157519 59.20820485398999 10.939280609985271 59.20825215772048 </coordinates></gmlLineString></linearLineStringExtension></linearExtension></groupOfLocations><roadMaintenanceType>maintenanceWork</roadMaintenanceType></situationRecord><situationRecord xsi:type="ReroutingManagement" version="2" id="NPRA_VL_103214_3" xmlns:xsi="http://www.w3.org/2001/XMLSchema-instance"><situationRecordCreationTime>2014-09-27T06:56:49+02:00</situationRecordCreationTime><situationRecordVersionTime>2014-09-27T06:57:22+02:00</situationRecordVersionTime><probabilityOfOccurrence>certain</probabilityOfOccurrence><validity><validityStatus>definedByValidityTimeSpec</validityStatus><validityTimeSpecification><overallStartTime>2014-09-27T06:57:00+02:00</overallStartTime></validityTimeSpecification></validity><generalPublicComment><comment><values><value>Stengt for kjøretøy med totalvekt over 7,5 tonn på grunn av vedlikeholdsarbeid. Lokal omkjøring.</value></values></comment><commentType>description</commentType></generalPublicComment><generalPublicComment><comment><values><value>Fv 108 Kråkerøy bru, på strekningen Kråkerøyvn - St. Croix</value></values></comment><commentType>locationDescriptor</commentType></generalPublicComment><groupOfLocations xsi:type="Linear"><locationForDisplay><latitude>59.207924</latitude><longitude>10.937868</longitude></locationForDisplay><locationExtension><locationExtension><roadNumber>F108</roadNumber><countyNumber>1</countyNumber><municipalityNumber>0</municipalityNumber></locationExtension></locationExtension><supplementaryPositionalDescription><affectedCarriagewayAndLanes><carriageway>mainCarriageway</carriageway><lane>allLanesCompleteCarriageway</lane></affectedCarriagewayAndLanes></supplementaryPositionalDescription><alertCLinear xsi:type="AlertCMethod4Linear"><alertCLocationCountryCode>F</alertCLocationCountryCode><alertCLocationTableNumber>49</alertCLocationTableNumber><alertCLocationTableVersion>4.6</alertCLocationTableVersion><alertCDirection><alertCDirectionCoded>both</alertCDirectionCoded></alertCDirection><alertCMethod4PrimaryPointLocation><alertCLocation><alertCLocationName><values><value lang="nob">Kråkerøy bru (arm/rampe)</value></values></alertCLocationName><specificLocation>20289</specificLocation></alertCLocation><offsetDistance><offsetDistance>0</offsetDistance></offsetDistance></alertCMethod4PrimaryPointLocation><alertCMethod4SecondaryPointLocation><alertCLocation><alertCLocationName><values><value lang="nob">Kråkerøyveien (arm/rampe)</value></values></alertCLocationName><specificLocation>20288</specificLocation></alertCLocation><offsetDistance><offsetDistance>55</offsetDistance></offsetDistance></alertCMethod4SecondaryPointLocation></alertCLinear><linearExtension><linearLineStringExtension><gmlLineString srsName="EPSG:4326"><coordinates>10.937429332519939 59.20716026763048 10.937441471090056 59.20720560306625 10.937467230069199 59.20743118718245 10.937484697227585 59.20743173370729 10.937538580721379 59.20756828651571 10.937595661639987 59.2076779659571 10.93772048100671 59.207807746937085 10.937832096361113 59.20790115018751 10.938094526124848 59.20805321816477 10.938368678612445 59.20810674994146 10.93855869052592 59.20813067588084 10.93891805157519 59.20820485398999 10.939280609985271 59.20825215772048 </coordinates></gmlLineString></linearLineStringExtension></linearExtension></groupOfLocations><complianceOption>advisory</complianceOption><reroutingManagementType>followLocalDiversion</reroutingManagementType></situationRecord></situation>