<situation version="1" id="NPRA_VL_103123" xmlns="http://datex2.eu/schema/2/2_0"><overallSeverity>high</overallSeverity><headerInformation><confidentiality>noRestriction</confidentiality><informationStatus>test</informationStatus></headerInformation><situationRecord xsi:type="GeneralNetworkManagement" version="1" id="NPRA_VL_103123_1" xmlns:xsi="http://www.w3.org/2001/XMLSchema-instance"><situationRecordCreationTime>2014-09-26T10:49:57+02:00</situationRecordCreationTime><situationRecordVersionTime>2014-09-26T10:49:57+02:00</situationRecordVersionTime><probabilityOfOccurrence>certain</probabilityOfOccurrence><validity><validityStatus>definedByValidityTimeSpec</validityStatus><validityTimeSpecification><overallStartTime>2014-09-29T10:00:00+02:00</overallStartTime><overallEndTime>2015-01-01T05:00:00+01:00</overallEndTime><validPeriod><recurringTimePeriodOfDay xsi:type="TimePeriodByHour"><startTimeOfPeriod>10:00:00</startTimeOfPeriod><endTimeOfPeriod>14:00:00</endTimeOfPeriod></recurringTimePeriodOfDay><recurringDayWeekMonthPeriod><applicableDay>monday</applicableDay><applicableDay>tuesday</applicableDay><applicableDay>wednesday</applicableDay><applicableDay>thursday</applicableDay><applicableDay>friday</applicableDay><applicableDay>saturday</applicableDay><applicableDay>sunday</applicableDay></recurringDayWeekMonthPeriod></validPeriod><validPeriod><recurringTimePeriodOfDay xsi:type="TimePeriodByHour"><startTimeOfPeriod>20:00:00</startTimeOfPeriod><endTimeOfPeriod>24:00:00</endTimeOfPeriod></recurringTimePeriodOfDay><recurringDayWeekMonthPeriod><applicableDay>monday</applicableDay><applicableDay>tuesday</applicableDay><applicableDay>wednesday</applicableDay><applicableDay>thursday</applicableDay><applicableDay>friday</applicableDay><applicableDay>saturday</applicableDay><applicableDay>sunday</applicableDay></recurringDayWeekMonthPeriod></validPeriod><validPeriod><recurringTimePeriodOfDay xsi:type="TimePeriodByHour"><startTimeOfPeriod>00:00:00</startTimeOfPeriod><endTimeOfPeriod>05:00:00</endTimeOfPeriod></recurringTimePeriodOfDay><recurringDayWeekMonthPeriod><applicableDay>tuesday</applicableDay><applicableDay>wednesday</applicableDay><applicableDay>thursday</applicableDay><applicableDay>friday</applicableDay><applicableDay>saturday</applicableDay><applicableDay>sunday</applicableDay><applicableDay>monday</applicableDay></recurringDayWeekMonthPeriod></validPeriod></validityTimeSpecification></validity><generalPublicComment><comment><values><value>Manuell dirigering på grunn av vegarbeid i periodene: Alle dager fra 10:00 til 14:00 og fra 20:00 til 05:00 (neste dag).</value></values></comment><commentType>description</commentType></generalPublicComment><generalPublicComment><comment><values><value>Rv 150 [62] Mustadkrysset, påkjøringsveg, på strekningen Ring 3, i retning mot Snarøykrysset</value></values></comment><commentType>locationDescriptor</commentType></generalPublicComment><groupOfLocations xsi:type="Point"><locationForDisplay><latitude>59.91941</latitude><longitude>10.632481</longitude></locationForDisplay><locationExtension><locationExtension><roadNumber>R150</roadNumber><countyNumber>3</countyNumber><municipalityNumber>0</municipalityNumber></locationExtension></locationExtension><supplementaryPositionalDescription><affectedCarriagewayAndLanes><carriageway>entrySlipRoad</carriageway></affectedCarriagewayAndLanes></supplementaryPositionalDescription><alertCPoint xsi:type="AlertCMethod4Point"><alertCLocationCountryCode>F</alertCLocationCountryCode><alertCLocationTableNumber>49</alertCLocationTableNumber><alertCLocationTableVersion>4.6</alertCLocationTableVersion><alertCDirection><alertCDirectionCoded>negative</alertCDirectionCoded></alertCDirection><alertCMethod4PrimaryPointLocation><alertCLocation><alertCLocationName><values><value lang="nob">[62] Mustadkrysset</value></values></alertCLocationName><specificLocation>1169</specificLocation></alertCLocation><offsetDistance><offsetDistance>0</offsetDistance></offsetDistance></alertCMethod4PrimaryPointLocation></alertCPoint><pointByCoordinates><pointCoordinates><latitude>59.91941</latitude><longitude>10.632481</longitude></pointCoordinates></pointByCoordinates></groupOfLocations><complianceOption>mandatory</complianceOption><generalNetworkManagementType>trafficBeingManuallyDirected</generalNetworkManagementType></situationRecord><situationRecord xsi:type="ConstructionWorks" version="1" id="NPRA_VL_103123_2" xmlns:xsi="http://www.w3.org/2001/XMLSchema-instance"><situationRecordCreationTime>2014-09-26T10:49:57+02:00</situationRecordCreationTime><situationRecordVersionTime>2014-09-26T10:49:57+02:00</situationRecordVersionTime><probabilityOfOccurrence>certain</probabilityOfOccurrence><validity><validityStatus>definedByValidityTimeSpec</validityStatus><validityTimeSpecification><overallStartTime>2014-09-29T10:00:00+02:00</overallStartTime><overallEndTime>2015-01-01T05:00:00+01:00</overallEndTime><validPeriod><recurringTimePeriodOfDay xsi:type="TimePeriodByHour"><startTimeOfPeriod>10:00:00</startTimeOfPeriod><endTimeOfPeriod>14:00:00</endTimeOfPeriod></recurringTimePeriodOfDay><recurringDayWeekMonthPeriod><applicableDay>monday</applicableDay><applicableDay>tuesday</applicableDay><applicableDay>wednesday</applicableDay><applicableDay>thursday</applicableDay><applicableDay>friday</applicableDay><applicableDay>saturday</applicableDay><applicableDay>sunday</applicableDay></recurringDayWeekMonthPeriod></validPeriod><validPeriod><recurringTimePeriodOfDay xsi:type="TimePeriodByHour"><startTimeOfPeriod>20:00:00</startTimeOfPeriod><endTimeOfPeriod>24:00:00</endTimeOfPeriod></recurringTimePeriodOfDay><recurringDayWeekMonthPeriod><applicableDay>monday</applicableDay><applicableDay>tuesday</applicableDay><applicableDay>wednesday</applicableDay><applicableDay>thursday</applicableDay><applicableDay>friday</applicableDay><applicableDay>saturday</applicableDay><applicableDay>sunday</applicableDay></recurringDayWeekMonthPeriod></validPeriod><validPeriod><recurringTimePeriodOfDay xsi:type="TimePeriodByHour"><startTimeOfPeriod>00:00:00</startTimeOfPeriod><endTimeOfPeriod>05:00:00</endTimeOfPeriod></recurringTimePeriodOfDay><recurringDayWeekMonthPeriod><applicableDay>tuesday</applicableDay><applicableDay>wednesday</applicableDay><applicableDay>thursday</applicableDay><applicableDay>friday</applicableDay><applicableDay>saturday</applicableDay><applicableDay>sunday</applicableDay><applicableDay>monday</applicableDay></recurringDayWeekMonthPeriod></validPeriod></validityTimeSpecification></validity><generalPublicComment><comment><values><value>Manuell dirigering på grunn av vegarbeid i periodene: Alle dager fra 10:00 til 14:00 og fra 20:00 til 05:00 (neste dag).</value></values></comment><commentType>description</commentType></generalPublicComment><generalPublicComment><comment><values><value>Rv 150 [62] Mustadkrysset, påkjøringsveg, på strekningen Ring 3, i retning mot Snarøykrysset</value></values></comment><commentType>locationDescriptor</commentType></generalPublicComment><groupOfLocations xsi:type="Point"><locationForDisplay><latitude>59.91941</latitude><longitude>10.632481</longitude></locationForDisplay><locationExtension><locationExtension><roadNumber>R150</roadNumber><countyNumber>3</countyNumber><municipalityNumber>0</municipalityNumber></locationExtension></locationExtension><supplementaryPositionalDescription><affectedCarriagewayAndLanes><carriageway>entrySlipRoad</carriageway></affectedCarriagewayAndLanes></supplementaryPositionalDescription><alertCPoint xsi:type="AlertCMethod4Point"><alertCLocationCountryCode>F</alertCLocationCountryCode><alertCLocationTableNumber>49</alertCLocationTableNumber><alertCLocationTableVersion>4.6</alertCLocationTableVersion><alertCDirection><alertCDirectionCoded>negative</alertCDirectionCoded></alertCDirection><alertCMethod4PrimaryPointLocation><alertCLocation><alertCLocationName><values><value lang="nob">[62] Mustadkrysset</value></values></alertCLocationName><specificLocation>1169</specificLocation></alertCLocation><offsetDistance><offsetDistance>0</offsetDistance></offsetDistance></alertCMethod4PrimaryPointLocation></alertCPoint><pointByCoordinates><pointCoordinates><latitude>59.91941</latitude><longitude>10.632481</longitude></pointCoordinates></pointByCoordinates></groupOfLocations><constructionWorkType>roadImprovementOrUpgrading</constructionWorkType></situationRecord></situation>