<situation version="3" id="NPRA_VL_103136" xmlns="http://datex2.eu/schema/2/2_0"><overallSeverity>low</overallSeverity><headerInformation><confidentiality>noRestriction</confidentiality><informationStatus>test</informationStatus></headerInformation><situationRecord xsi:type="GeneralNetworkManagement" version="3" id="NPRA_VL_103136_1" xmlns:xsi="http://www.w3.org/2001/XMLSchema-instance"><situationRecordCreationTime>2014-09-26T12:00:04+02:00</situationRecordCreationTime><situationRecordVersionTime>2015-01-22T13:11:13+01:00</situationRecordVersionTime><probabilityOfOccurrence>certain</probabilityOfOccurrence><validity><validityStatus>definedByValidityTimeSpec</validityStatus><validityTimeSpecification><overallStartTime>2015-01-22T07:00:00+01:00</overallStartTime><overallEndTime>2015-03-01T00:00:00+01:00</overallEndTime><validPeriod><recurringTimePeriodOfDay xsi:type="TimePeriodByHour"><startTimeOfPeriod>07:00:00</startTimeOfPeriod><endTimeOfPeriod>24:00:00</endTimeOfPeriod></recurringTimePeriodOfDay><recurringDayWeekMonthPeriod><applicableDay>monday</applicableDay><applicableDay>tuesday</applicableDay><applicableDay>wednesday</applicableDay><applicableDay>thursday</applicableDay><applicableDay>friday</applicableDay><applicableDay>saturday</applicableDay><applicableDay>sunday</applicableDay></recurringDayWeekMonthPeriod></validPeriod></validityTimeSpecification></validity><generalPublicComment><comment><values><value>Manuell dirigering og nedsatt hastighet til 50 km/t på grunn av vegarbeid i periodene: Alle dager fra 07:00 til 24:00.</value></values></comment><commentType>description</commentType></generalPublicComment><generalPublicComment><comment><values><value>Fv 120 Bekkelaget - Myra, på strekningen Tomter (Østfold grense) - Lillestrøm</value></values></comment><commentType>locationDescriptor</commentType></generalPublicComment><groupOfLocations xsi:type="Linear"><locationForDisplay><latitude>59.731453</latitude><longitude>11.111322</longitude></locationForDisplay><locationExtension><locationExtension><roadNumber>F120</roadNumber><countyNumber>2</countyNumber><municipalityNumber>0</municipalityNumber></locationExtension></locationExtension><supplementaryPositionalDescription><affectedCarriagewayAndLanes><carriageway>mainCarriageway</carriageway><lane>allLanesCompleteCarriageway</lane></affectedCarriagewayAndLanes></supplementaryPositionalDescription><alertCLinear xsi:type="AlertCMethod4Linear"><alertCLocationCountryCode>F</alertCLocationCountryCode><alertCLocationTableNumber>49</alertCLocationTableNumber><alertCLocationTableVersion>4.6</alertCLocationTableVersion><alertCDirection><alertCDirectionCoded>both</alertCDirectionCoded></alertCDirection><alertCMethod4PrimaryPointLocation><alertCLocation><alertCLocationName><values><value lang="nob">Enebakk kirke</value></values></alertCLocationName><specificLocation>878</specificLocation></alertCLocation><offsetDistance><offsetDistance>4148</offsetDistance></offsetDistance></alertCMethod4PrimaryPointLocation><alertCMethod4SecondaryPointLocation><alertCLocation><alertCLocationName><values><value lang="nob">Tangen</value></values></alertCLocationName><specificLocation>19289</specificLocation></alertCLocation><offsetDistance><offsetDistance>3076</offsetDistance></offsetDistance></alertCMethod4SecondaryPointLocation></alertCLinear><linearExtension><linearLineStringExtension><gmlLineString srsName="EPSG:4326"><coordinates>11.104498593747019 59.729243929003914 11.104472508236263 59.72946790096732 11.104526782497866 59.729613350512686 11.104672899277686 59.72973455768184 11.104825277206224 59.729802011408395 11.10532311585597 59.72996063066146 11.105490109138765 59.73005548706194 11.105637274464922 59.73016773431711 11.105730169602095 59.73028736018641 11.105829333978846 59.73050606049764 11.106001557428938 59.73070894968021 11.106213441071025 59.730877056376485 11.106534914265483 59.73102144573463 11.106877261983673 59.73113948418791 11.107256141355853 59.731249615889325 11.107656937167228 59.73132443733995 11.10808069085586 59.731354989414584 11.108509657514851 59.7313407455356 11.108922965193239 59.73130805612079 11.109351930999832 59.73129380947889 11.109566934857812 59.73128220616574 11.109745409906898 59.731278509089115 11.110134720542886 59.73129904326012 11.110557434610293 59.731338546294 11.110977024421326 59.73140492481066 11.112203441443759 59.73157612385366 11.113007148465465 59.731707817692524 11.113411086682323 59.731755744848904 11.114268034171452 59.73188900808851 11.115074879384165 59.7319938124731 11.115512230723283 59.73206070211359 11.115917217551127 59.73209966263987 11.116764762522633 59.732160712426186 11.11692549794137 59.73215648039296 11.117352392071142 59.73216012569246 11.117547575243183 59.732165902205516 11.118421187757622 59.73215579433572 11.118832417681485 59.73214099176709 11.11908187256803 59.73213938181295 11.11951084602675 59.73212510202927 11.120348969476025 59.73211393158683 11.120420984593315 59.732107071506675 </coordinates></gmlLineString></linearLineStringExtension></linearExtension></groupOfLocations><complianceOption>mandatory</complianceOption><generalNetworkManagementType>trafficBeingManuallyDirected</generalNetworkManagementType></situationRecord><situationRecord xsi:type="SpeedManagement" version="3" id="NPRA_VL_103136_2" xmlns:xsi="http://www.w3.org/2001/XMLSchema-instance"><situationRecordCreationTime>2014-09-26T12:00:04+02:00</situationRecordCreationTime><situationRecordVersionTime>2015-01-22T13:11:13+01:00</situationRecordVersionTime><probabilityOfOccurrence>certain</probabilityOfOccurrence><validity><validityStatus>definedByValidityTimeSpec</validityStatus><validityTimeSpecification><overallStartTime>2015-01-22T07:00:00+01:00</overallStartTime><overallEndTime>2015-03-01T00:00:00+01:00</overallEndTime><validPeriod><recurringTimePeriodOfDay xsi:type="TimePeriodByHour"><startTimeOfPeriod>07:00:00</startTimeOfPeriod><endTimeOfPeriod>24:00:00</endTimeOfPeriod></recurringTimePeriodOfDay><recurringDayWeekMonthPeriod><applicableDay>monday</applicableDay><applicableDay>tuesday</applicableDay><applicableDay>wednesday</applicableDay><applicableDay>thursday</applicableDay><applicableDay>friday</applicableDay><applicableDay>saturday</applicableDay><applicableDay>sunday</applicableDay></recurringDayWeekMonthPeriod></validPeriod></validityTimeSpecification></validity><generalPublicComment><comment><values><value>Manuell dirigering og nedsatt hastighet til 50 km/t på grunn av vegarbeid i periodene: Alle dager fra 07:00 til 24:00.</value></values></comment><commentType>description</commentType></generalPublicComment><generalPublicComment><comment><values><value>Fv 120 Bekkelaget - Myra, på strekningen Tomter (Østfold grense) - Lillestrøm</value></values></comment><commentType>locationDescriptor</commentType></generalPublicComment><groupOfLocations xsi:type="Linear"><locationForDisplay><latitude>59.731453</latitude><longitude>11.111322</longitude></locationForDisplay><locationExtension><locationExtension><roadNumber>F120</roadNumber><countyNumber>2</countyNumber><municipalityNumber>0</municipalityNumber></locationExtension></locationExtension><supplementaryPositionalDescription><affectedCarriagewayAndLanes><carriageway>mainCarriageway</carriageway><lane>allLanesCompleteCarriageway</lane></affectedCarriagewayAndLanes></supplementaryPositionalDescription><alertCLinear xsi:type="AlertCMethod4Linear"><alertCLocationCountryCode>F</alertCLocationCountryCode><alertCLocationTableNumber>49</alertCLocationTableNumber><alertCLocationTableVersion>4.6</alertCLocationTableVersion><alertCDirection><alertCDirectionCoded>both</alertCDirectionCoded></alertCDirection><alertCMethod4PrimaryPointLocation><alertCLocation><alertCLocationName><values><value lang="nob">Enebakk kirke</value></values></alertCLocationName><specificLocation>878</specificLocation></alertCLocation><offsetDistance><offsetDistance>4148</offsetDistance></offsetDistance></alertCMethod4PrimaryPointLocation><alertCMethod4SecondaryPointLocation><alertCLocation><alertCLocationName><values><value lang="nob">Tangen</value></values></alertCLocationName><specificLocation>19289</specificLocation></alertCLocation><offsetDistance><offsetDistance>3076</offsetDistance></offsetDistance></alertCMethod4SecondaryPointLocation></alertCLinear><linearExtension><linearLineStringExtension><gmlLineString srsName="EPSG:4326"><coordinates>11.104498593747019 59.729243929003914 11.104472508236263 59.72946790096732 11.104526782497866 59.729613350512686 11.104672899277686 59.72973455768184 11.104825277206224 59.729802011408395 11.10532311585597 59.72996063066146 11.105490109138765 59.73005548706194 11.105637274464922 59.73016773431711 11.105730169602095 59.73028736018641 11.105829333978846 59.73050606049764 11.106001557428938 59.73070894968021 11.106213441071025 59.730877056376485 11.106534914265483 59.73102144573463 11.106877261983673 59.73113948418791 11.107256141355853 59.731249615889325 11.107656937167228 59.73132443733995 11.10808069085586 59.731354989414584 11.108509657514851 59.7313407455356 11.108922965193239 59.73130805612079 11.109351930999832 59.73129380947889 11.109566934857812 59.73128220616574 11.109745409906898 59.731278509089115 11.110134720542886 59.73129904326012 11.110557434610293 59.731338546294 11.110977024421326 59.73140492481066 11.112203441443759 59.73157612385366 11.113007148465465 59.731707817692524 11.113411086682323 59.731755744848904 11.114268034171452 59.73188900808851 11.115074879384165 59.7319938124731 11.115512230723283 59.73206070211359 11.115917217551127 59.73209966263987 11.116764762522633 59.732160712426186 11.11692549794137 59.73215648039296 11.117352392071142 59.73216012569246 11.117547575243183 59.732165902205516 11.118421187757622 59.73215579433572 11.118832417681485 59.73214099176709 11.11908187256803 59.73213938181295 11.11951084602675 59.73212510202927 11.120348969476025 59.73211393158683 11.120420984593315 59.732107071506675 </coordinates></gmlLineString></linearLineStringExtension></linearExtension></groupOfLocations><complianceOption>mandatory</complianceOption><speedManagementType>speedRestrictionInOperation</speedManagementType><temporarySpeedLimit>50.0</temporarySpeedLimit></situationRecord><situationRecord xsi:type="ConstructionWorks" version="3" id="NPRA_VL_103136_3" xmlns:xsi="http://www.w3.org/2001/XMLSchema-instance"><situationRecordCreationTime>2014-09-26T12:00:04+02:00</situationRecordCreationTime><situationRecordVersionTime>2015-01-22T13:11:13+01:00</situationRecordVersionTime><probabilityOfOccurrence>certain</probabilityOfOccurrence><validity><validityStatus>definedByValidityTimeSpec</validityStatus><validityTimeSpecification><overallStartTime>2015-01-22T07:00:00+01:00</overallStartTime><overallEndTime>2015-03-01T00:00:00+01:00</overallEndTime><validPeriod><recurringTimePeriodOfDay xsi:type="TimePeriodByHour"><startTimeOfPeriod>07:00:00</startTimeOfPeriod><endTimeOfPeriod>24:00:00</endTimeOfPeriod></recurringTimePeriodOfDay><recurringDayWeekMonthPeriod><applicableDay>monday</applicableDay><applicableDay>tuesday</applicableDay><applicableDay>wednesday</applicableDay><applicableDay>thursday</applicableDay><applicableDay>friday</applicableDay><applicableDay>saturday</applicableDay><applicableDay>sunday</applicableDay></recurringDayWeekMonthPeriod></validPeriod></validityTimeSpecification></validity><generalPublicComment><comment><values><value>Manuell dirigering og nedsatt hastighet til 50 km/t på grunn av vegarbeid i periodene: Alle dager fra 07:00 til 24:00.</value></values></comment><commentType>description</commentType></generalPublicComment><generalPublicComment><comment><values><value>Fv 120 Bekkelaget - Myra, på strekningen Tomter (Østfold grense) - Lillestrøm</value></values></comment><commentType>locationDescriptor</commentType></generalPublicComment><groupOfLocations xsi:type="Linear"><locationForDisplay><latitude>59.731453</latitude><longitude>11.111322</longitude></locationForDisplay><locationExtension><locationExtension><roadNumber>F120</roadNumber><countyNumber>2</countyNumber><municipalityNumber>0</municipalityNumber></locationExtension></locationExtension><supplementaryPositionalDescription><affectedCarriagewayAndLanes><carriageway>mainCarriageway</carriageway><lane>allLanesCompleteCarriageway</lane></affectedCarriagewayAndLanes></supplementaryPositionalDescription><alertCLinear xsi:type="AlertCMethod4Linear"><alertCLocationCountryCode>F</alertCLocationCountryCode><alertCLocationTableNumber>49</alertCLocationTableNumber><alertCLocationTableVersion>4.6</alertCLocationTableVersion><alertCDirection><alertCDirectionCoded>both</alertCDirectionCoded></alertCDirection><alertCMethod4PrimaryPointLocation><alertCLocation><alertCLocationName><values><value lang="nob">Enebakk kirke</value></values></alertCLocationName><specificLocation>878</specificLocation></alertCLocation><offsetDistance><offsetDistance>4148</offsetDistance></offsetDistance></alertCMethod4PrimaryPointLocation><alertCMethod4SecondaryPointLocation><alertCLocation><alertCLocationName><values><value lang="nob">Tangen</value></values></alertCLocationName><specificLocation>19289</specificLocation></alertCLocation><offsetDistance><offsetDistance>3076</offsetDistance></offsetDistance></alertCMethod4SecondaryPointLocation></alertCLinear><linearExtension><linearLineStringExtension><gmlLineString srsName="EPSG:4326"><coordinates>11.104498593747019 59.729243929003914 11.104472508236263 59.72946790096732 11.104526782497866 59.729613350512686 11.104672899277686 59.72973455768184 11.104825277206224 59.729802011408395 11.10532311585597 59.72996063066146 11.105490109138765 59.73005548706194 11.105637274464922 59.73016773431711 11.105730169602095 59.73028736018641 11.105829333978846 59.73050606049764 11.106001557428938 59.73070894968021 11.106213441071025 59.730877056376485 11.106534914265483 59.73102144573463 11.106877261983673 59.73113948418791 11.107256141355853 59.731249615889325 11.107656937167228 59.73132443733995 11.10808069085586 59.731354989414584 11.108509657514851 59.7313407455356 11.108922965193239 59.73130805612079 11.109351930999832 59.73129380947889 11.109566934857812 59.73128220616574 11.109745409906898 59.731278509089115 11.110134720542886 59.73129904326012 11.110557434610293 59.731338546294 11.110977024421326 59.73140492481066 11.112203441443759 59.73157612385366 11.113007148465465 59.731707817692524 11.113411086682323 59.731755744848904 11.114268034171452 59.73188900808851 11.115074879384165 59.7319938124731 11.115512230723283 59.73206070211359 11.115917217551127 59.73209966263987 11.116764762522633 59.732160712426186 11.11692549794137 59.73215648039296 11.117352392071142 59.73216012569246 11.117547575243183 59.732165902205516 11.118421187757622 59.73215579433572 11.118832417681485 59.73214099176709 11.11908187256803 59.73213938181295 11.11951084602675 59.73212510202927 11.120348969476025 59.73211393158683 11.120420984593315 59.732107071506675 </coordinates></gmlLineString></linearLineStringExtension></linearExtension></groupOfLocations><constructionWorkType>roadImprovementOrUpgrading</constructionWorkType></situationRecord></situation>